ID,Species,Leaf_pro,Fruit_pro,Longitude,Latitude,Elevation,month,shannon_entropy
D059,Hoolock_tianxing,0.604347826,0.369565217,98.77271,28.83261,2154,7,8.304920185
C039,Hoolock_tianxing,0.611111111,0.349206349,98.7785,25.22405,2016,7,6.948101395
C040,Hoolock_tianxing,0.611111111,0.349206349,98.77888,25.22404,2046,7,5.964748941
C041,Hoolock_tianxing,0.611111111,0.349206349,98.77896,25.22412,2049,7,6.703517177
B099,Hoolock_tianxing,0.437810945,0.378109453,98.77915,25.21965,2162,4,7.39604067
C043,Hoolock_tianxing,0.611111111,0.349206349,98.77924,25.22287,2146,7,7.978844265
B100,Hoolock_tianxing,0.437810945,0.378109453,98.7794,25.21965,2168,4,6.703650128
B065,Hoolock_tianxing,0.554455446,0.148514851,98.77976,25.21946,2210,3,6.962365311
C042,Hoolock_tianxing,0.611111111,0.349206349,98.77997,25.2241,2115,7,6.698616232
C044,Hoolock_tianxing,0.611111111,0.349206349,98.78018,25.22266,2212,7,8.018627121
C045,Hoolock_tianxing,0.611111111,0.349206349,98.78064,25.22184,2272,7,7.831450014
B084,Hoolock_tianxing,0.554455446,0.148514851,98.78137,25.22353,2272,3,7.578099649
B046,Hoolock_tianxing,0.736842105,0.125,98.78233,25.21702,2316,1,6.125641562
B066,Hoolock_tianxing,0.554455446,0.148514851,98.78257,25.21608,2307,3,7.485270755
B048,Hoolock_tianxing,0.770700637,0.063694268,98.7826,25.21597,2304,2,7.102148739
B064,Hoolock_tianxing,0.770700637,0.063694268,98.78262,25.21621,2296,2,6.93302752
B049,Hoolock_tianxing,0.770700637,0.063694268,98.78275,25.21649,2284,2,7.34515192
B067,Hoolock_tianxing,0.554455446,0.148514851,98.78303,25.216,2278,3,6.516653016
B045,Hoolock_tianxing,0.736842105,0.125,98.78324,25.21702,2244,1,7.100513584
B044,Hoolock_tianxing,0.736842105,0.125,98.78339,25.21699,2246,1,6.037849824
B061,Hoolock_tianxing,0.770700637,0.063694268,98.78381,25.21713,2222,2,6.900816962
C037,Hoolock_tianxing,0.611111111,0.349206349,98.78386,25.22062,2268,7,6.182803593
B063,Hoolock_tianxing,0.770700637,0.063694268,98.78389,25.21616,2265,2,7.875625978
B050,Hoolock_tianxing,0.770700637,0.063694268,98.78392,25.21704,2233,2,8.147814449
B096,Hoolock_tianxing,0.437810945,0.378109453,98.78399,25.21704,2211,4,7.107310565
C050,Hoolock_tianxing,0.611111111,0.349206349,98.78412,25.21639,2253,7,7.155848883
C051,Hoolock_tianxing,0.611111111,0.349206349,98.78414,25.21638,2256,7,6.911968672
X063,Hoolock_tianxing,0.482758621,0.494252874,98.78421,25.21634,2244,12,7.651127167
B098,Hoolock_tianxing,0.437810945,0.378109453,98.78426,25.21738,2202,4,7.802979292
B047,Hoolock_tianxing,0.736842105,0.125,98.78429,25.21737,2206,1,7.796472604
B097,Hoolock_tianxing,0.437810945,0.378109453,98.7844,25.21734,2190,4,7.45642533
C046,Hoolock_tianxing,0.611111111,0.349206349,98.78451,25.22263,2284,7,7.290276394
X068,Hoolock_tianxing,0.482758621,0.494252874,98.784811,25.219751,2223,12,6.979764148
X069,Hoolock_tianxing,0.482758621,0.494252874,98.784817,25.220905,2199,12,8.347114417
B092,Hoolock_tianxing,0.437810945,0.378109453,98.78484,25.2199,2216,4,6.736961056
C036,Hoolock_tianxing,0.611111111,0.349206349,98.78493,25.21972,2222,7,7.898169637
X057,Hoolock_tianxing,0.482758621,0.494252874,98.78505,25.217627,2178,12,7.780468549
B068,Hoolock_tianxing,0.554455446,0.148514851,98.78515,25.21704,2189,3,6.28518143
X058,Hoolock_tianxing,0.482758621,0.494252874,98.785193,25.21774,2164,12,7.074113339
C035,Hoolock_tianxing,0.611111111,0.349206349,98.78533,25.21859,2167,7,8.525469894
X067,Hoolock_tianxing,0.482758621,0.494252874,98.78535,25.21885,2168,12,6.377650443
B043,Hoolock_tianxing,0.736842105,0.125,98.78537,25.21816,2178,1,7.183373441
B040,Hoolock_tianxing,0.736842105,0.125,98.7854,25.2183,2169,1,7.841738016
B041,Hoolock_tianxing,0.736842105,0.125,98.7854,25.2183,2169,1,6.244321272
B042,Hoolock_tianxing,0.736842105,0.125,98.7854,25.2183,2169,1,6.789868362
B083,Hoolock_tianxing,0.554455446,0.148514851,98.78546,25.2216,2220,3,5.992842403
B052,Hoolock_tianxing,0.770700637,0.063694268,98.78549,25.21824,2172,2,6.870700135
B080,Hoolock_tianxing,0.554455446,0.148514851,98.78555,25.2222,2240,3,6.56887876
X066,Hoolock_tianxing,0.482758621,0.494252874,98.78559,25.21834,2167,12,6.566132803
B095,Hoolock_tianxing,0.437810945,0.378109453,98.78567,25.21814,2151,4,7.304867585
B091,Hoolock_tianxing,0.437810945,0.378109453,98.7857,25.21988,2147,4,6.633774012
B058,Hoolock_tianxing,0.770700637,0.063694268,98.78574,25.21854,2174,2,7.86250004
B059,Hoolock_tianxing,0.770700637,0.063694268,98.78574,25.21854,2174,2,8.084074085
B081,Hoolock_tianxing,0.554455446,0.148514851,98.78588,25.22111,2183,3,6.646057324
B082,Hoolock_tianxing,0.554455446,0.148514851,98.78593,25.22073,2154,3,8.066851986
B035,Hoolock_tianxing,0.736842105,0.125,98.786,25.22076,2185,1,7.01738185
B036,Hoolock_tianxing,0.736842105,0.125,98.786,25.22076,2185,1,7.666981283
B037,Hoolock_tianxing,0.736842105,0.125,98.78603,25.21862,2141,1,5.33626166
B030,Hoolock_tianxing,0.736842105,0.125,98.78605,25.22125,2169,1,8.445311565
X055,Hoolock_tianxing,0.482758621,0.494252874,98.786084,25.217759,2146,12,7.663803315
B039,Hoolock_tianxing,0.736842105,0.125,98.78609,25.21787,2137,1,7.544983951
B070,Hoolock_tianxing,0.554455446,0.148514851,98.7861,25.21787,2138,3,6.823341251
B089,Hoolock_tianxing,0.437810945,0.378109453,98.78612,25.21878,2217,4,8.088914895
B069,Hoolock_tianxing,0.554455446,0.148514851,98.78616,25.21795,2143,3,7.561012242
B090,Hoolock_tianxing,0.437810945,0.378109453,98.78622,25.21879,2180,4,7.82837257
B053,Hoolock_tianxing,0.770700637,0.063694268,98.78622,25.21806,2149,2,7.021000935
B055,Hoolock_tianxing,0.770700637,0.063694268,98.78622,25.21983,2174,2,7.392698554
B056,Hoolock_tianxing,0.770700637,0.063694268,98.78622,25.21983,2174,2,7.720183856
B057,Hoolock_tianxing,0.770700637,0.063694268,98.78622,25.21983,2174,2,7.589155013
X056,Hoolock_tianxing,0.482758621,0.494252874,98.78625,25.21814,2131,12,6.94937637
X065,Hoolock_tianxing,0.482758621,0.494252874,98.78625,25.21859,2117,12,7.595088766
B094,Hoolock_tianxing,0.437810945,0.378109453,98.78644,25.21833,2115,4,5.966126162
B071,Hoolock_tianxing,0.554455446,0.148514851,98.78645,25.21815,2118,3,7.279564643
B054,Hoolock_tianxing,0.770700637,0.063694268,98.7866,25.21816,2108,2,7.885486568
B038,Hoolock_tianxing,0.736842105,0.125,98.78663,25.21812,2102,1,7.43477845
B093,Hoolock_tianxing,0.437810945,0.378109453,98.7867,25.21811,2111,4,7.755704599
B077,Hoolock_tianxing,0.554455446,0.148514851,98.78681,25.22114,2106,3,6.462800607
B034,Hoolock_tianxing,0.736842105,0.125,98.78682,25.221,2098,1,7.434834766
B079,Hoolock_tianxing,0.554455446,0.148514851,98.78695,25.22265,2123,3,7.662760822
B033,Hoolock_tianxing,0.736842105,0.125,98.78725,25.22141,2086,1,7.690697623
B085,Hoolock_tianxing,0.437810945,0.378109453,98.78729,25.21845,2029,4,7.773549911
B086,Hoolock_tianxing,0.437810945,0.378109453,98.78729,25.21845,2029,4,5.425985408
C047,Hoolock_tianxing,0.611111111,0.349206349,98.78737,25.21837,2109,7,7.467524099
B031,Hoolock_tianxing,0.736842105,0.125,98.78745,25.22136,2096,1,6.539508684
B032,Hoolock_tianxing,0.736842105,0.125,98.78745,25.22136,2096,1,7.049397112
B072,Hoolock_tianxing,0.554455446,0.148514851,98.7876,25.21915,2127,3,6.896169011
C049,Hoolock_tianxing,0.611111111,0.349206349,98.7878,25.21925,2131,7,6.881448775
C048,Hoolock_tianxing,0.611111111,0.349206349,98.78791,25.21946,2127,7,6.140318708
X062,Hoolock_tianxing,0.482758621,0.494252874,98.787963,25.217454,2077,12,6.608421078
B088,Hoolock_tianxing,0.437810945,0.378109453,98.78848,25.21865,2069,4,7.907086132
B087,Hoolock_tianxing,0.437810945,0.378109453,98.78905,25.21884,2068,4,6.041791982
X059,Hoolock_tianxing,0.482758621,0.494252874,98.79003,25.219043,2025,12,6.668853177
X060,Hoolock_tianxing,0.482758621,0.494252874,98.79019,25.219248,2041,12,7.084092283
E032,Hoolock_tianxing,0.683229814,0.267080745,98.76629,24.83163,2221,6,7.571638771
E031,Hoolock_tianxing,0.683229814,0.267080745,98.76638,24.83191,2230,6,7.843355705
D013,Hoolock_tianxing,0.544802867,0.268817204,98.76639,24.83483,2196,5,7.216184343
D078,Hoolock_tianxing,0.490909091,0.322727273,98.76643,24.83275,2197,8,7.224099277
E028,Hoolock_tianxing,0.683229814,0.267080745,98.76652,24.83221,2217,6,6.997426793
E029,Hoolock_tianxing,0.683229814,0.267080745,98.76652,24.83221,2217,6,8.574003882
E030,Hoolock_tianxing,0.683229814,0.267080745,98.76652,24.83186,2226,6,7.835378121
D040,Hoolock_tianxing,0.604347826,0.369565217,98.76663,24.83179,2018,7,8.273005533
E033,Hoolock_tianxing,0.683229814,0.267080745,98.76669,24.83145,2235,6,7.204452073
D077,Hoolock_tianxing,0.490909091,0.322727273,98.76678,24.83305,2196,8,7.797861686
D041,Hoolock_tianxing,0.604347826,0.369565217,98.76682,24.83194,2231,7,7.318509718
D074,Hoolock_tianxing,0.490909091,0.322727273,98.76744,24.83312,2236,8,8.624898922
E034,Hoolock_tianxing,0.683229814,0.267080745,98.76746,24.83197,2237,6,6.949022337
D076,Hoolock_tianxing,0.490909091,0.322727273,98.76749,24.83364,2203,8,7.00930044
D075,Hoolock_tianxing,0.490909091,0.322727273,98.7675,24.83303,2207,8,8.462272523
D005,Hoolock_tianxing,0.544802867,0.268817204,98.76763,24.83023,2213,5,6.523407967
D043,Hoolock_tianxing,0.604347826,0.369565217,98.76765,24.8313,2221,7,8.199320584
D004,Hoolock_tianxing,0.544802867,0.268817204,98.76771,24.82973,2205,5,6.826751907
D042,Hoolock_tianxing,0.604347826,0.369565217,98.76773,24.83177,2232,7,7.742180208
D003,Hoolock_tianxing,0.544802867,0.268817204,98.76777,24.82967,2202,5,6.667155717
D039,Hoolock_tianxing,0.604347826,0.369565217,98.76796,24.82934,2200,7,7.887309328
D044,Hoolock_tianxing,0.604347826,0.369565217,98.76823,24.831,2217,7,7.031358151
D012,Hoolock_tianxing,0.544802867,0.268817204,98.76824,24.83117,2214,5,7.373876006
D066,Hoolock_tianxing,0.490909091,0.322727273,98.76888,24.82855,2153,8,8.52822467
D079,Hoolock_tianxing,0.490909091,0.322727273,98.76888,24.83179,2194,8,8.2552862
D081,Hoolock_tianxing,0.490909091,0.322727273,98.76888,24.83179,2194,8,8.323184489
D014,Hoolock_tianxing,0.544802867,0.268817204,98.76888,24.83181,2222,5,7.894159571
D065,Hoolock_tianxing,0.490909091,0.322727273,98.76889,24.82829,2149,8,8.710686371
D080,Hoolock_tianxing,0.490909091,0.322727273,98.7689,24.8318,2205,8,8.306034165
D038,Hoolock_tianxing,0.604347826,0.369565217,98.76898,24.82918,2181,7,8.55347142
E025,Hoolock_tianxing,0.683229814,0.267080745,98.76923,24.83125,2201,6,7.503676968
E036,Hoolock_tianxing,0.683229814,0.267080745,98.76923,24.83123,2204,6,7.22652269
D015,Hoolock_tianxing,0.544802867,0.268817204,98.76941,24.83238,2227,5,6.772002959
D070,Hoolock_tianxing,0.490909091,0.322727273,98.76952,24.82951,2148,8,9.004917001
D030,Hoolock_tianxing,0.544802867,0.268817204,98.76959,24.82829,2144,5,7.29581596
E023,Hoolock_tianxing,0.683229814,0.267080745,98.76969,24.83081,2185,6,8.501089592
E024,Hoolock_tianxing,0.683229814,0.267080745,98.76969,24.83081,2185,6,6.647977765
D037,Hoolock_tianxing,0.604347826,0.369565217,98.76974,24.82926,2156,7,8.252783831
E021,Hoolock_tianxing,0.683229814,0.267080745,98.76976,24.83039,2167,6,7.343211813
E022,Hoolock_tianxing,0.683229814,0.267080745,98.76976,24.83039,2167,6,6.4636138
D071,Hoolock_tianxing,0.490909091,0.322727273,98.7698,24.83069,2200,8,8.504782745
D036,Hoolock_tianxing,0.604347826,0.369565217,98.7698,24.82955,2156,7,8.047095256
D032,Hoolock_tianxing,0.544802867,0.268817204,98.76981,24.8282,2133,5,6.559110185
E004,Hoolock_tianxing,0.683229814,0.267080745,98.76994,24.8298,2141,6,7.462302776
E020,Hoolock_tianxing,0.683229814,0.267080745,98.77003,24.8302,2148,6,8.772287649
E019,Hoolock_tianxing,0.683229814,0.267080745,98.77007,24.83015,2162,6,6.66314367
E018,Hoolock_tianxing,0.683229814,0.267080745,98.77012,24.83018,2153,6,8.156685933
D063,Hoolock_tianxing,0.490909091,0.322727273,98.77013,24.82782,2111,8,8.298571785
D064,Hoolock_tianxing,0.490909091,0.322727273,98.77013,24.82782,2111,8,8.026498338
D033,Hoolock_tianxing,0.544802867,0.268817204,98.77013,24.82858,2138,5,6.59742654
D067,Hoolock_tianxing,0.490909091,0.322727273,98.77014,24.82906,2159,8,7.66504198
D068,Hoolock_tianxing,0.490909091,0.322727273,98.77014,24.82906,2159,8,8.9308626
D073,Hoolock_tianxing,0.490909091,0.322727273,98.77015,24.83101,2176,8,8.390408116
D069,Hoolock_tianxing,0.490909091,0.322727273,98.77016,24.82914,2145,8,8.574721703
A078,Hoolock_tianxing,0.525,0.3825,98.77018,24.82809,2131,3,6.75040521
A079,Hoolock_tianxing,0.525,0.3825,98.77018,24.82809,2131,3,8.468064683
D062,Hoolock_tianxing,0.490909091,0.322727273,98.77026,24.82788,2107,8,8.201543359
E026,Hoolock_tianxing,0.683229814,0.267080745,98.77026,24.82986,2127,6,8.106384869
D001,Hoolock_tianxing,0.544802867,0.268817204,98.7703,24.82789,2112,5,7.785287966
D002,Hoolock_tianxing,0.544802867,0.268817204,98.77033,24.82796,2110,5,8.651950518
D034,Hoolock_tianxing,0.604347826,0.369565217,98.77033,24.82962,2192,7,8.427622256
D011,Hoolock_tianxing,0.544802867,0.268817204,98.77034,24.83009,2132,5,7.156377024
D010,Hoolock_tianxing,0.544802867,0.268817204,98.77038,24.82988,2126,5,7.323356385
D035,Hoolock_tianxing,0.604347826,0.369565217,98.77039,24.82964,2144,7,8.354418152
E017,Hoolock_tianxing,0.683229814,0.267080745,98.77042,24.82859,2133,6,8.227614922
D009,Hoolock_tianxing,0.544802867,0.268817204,98.77054,24.82961,2126,5,6.312779443
E027,Hoolock_tianxing,0.683229814,0.267080745,98.77067,24.83007,2125,6,7.491873519
E035,Hoolock_tianxing,0.683229814,0.267080745,98.77067,24.8304,2124,6,7.287609107
A084,Hoolock_tianxing,0.525,0.3825,98.77073,24.83155,2162,3,7.048907561
D072,Hoolock_tianxing,0.490909091,0.322727273,98.77074,24.83025,2117,8,8.530817609
E001,Hoolock_tianxing,0.683229814,0.267080745,98.77076,24.82957,2128,6,6.552298611
D028,Hoolock_tianxing,0.544802867,0.268817204,98.77082,24.82761,2105,5,6.573996935
D029,Hoolock_tianxing,0.544802867,0.268817204,98.77082,24.82761,2105,5,8.321701964
D008,Hoolock_tianxing,0.544802867,0.268817204,98.7709,24.82946,2117,5,7.043925928
D046,Hoolock_tianxing,0.604347826,0.369565217,98.77092,24.83001,2151,7,8.770537414
E002,Hoolock_tianxing,0.683229814,0.267080745,98.77094,24.8294,2105,6,6.202860533
D006,Hoolock_tianxing,0.544802867,0.268817204,98.77104,24.82887,2112,5,7.467216521
D007,Hoolock_tianxing,0.544802867,0.268817204,98.77104,24.82887,2112,5,8.509459401
E003,Hoolock_tianxing,0.683229814,0.267080745,98.77106,24.82933,2108,6,7.531770603
A080,Hoolock_tianxing,0.525,0.3825,98.77109,24.82953,2112,3,7.133914833
A077,Hoolock_tianxing,0.525,0.3825,98.77121,24.83095,2125,3,7.860007487
A034,Hoolock_tianxing,0.879245283,0.075471698,98.77144,24.83015,2099,1,8.596620164
A035,Hoolock_tianxing,0.879245283,0.075471698,98.77144,24.83015,2099,1,7.680969326
A083,Hoolock_tianxing,0.525,0.3825,98.77158,24.83014,2095,3,7.196932269
A076,Hoolock_tianxing,0.525,0.3825,98.77166,24.8302,2098,3,7.455229684
D027,Hoolock_tianxing,0.544802867,0.268817204,98.77179,24.82663,2113,5,7.200755455
A096,Hoolock_tianxing,0.525,0.3825,98.7718,24.82802,2068,3,8.148222335
A025,Hoolock_tianxing,0.879245283,0.075471698,98.77228,24.83237,2182,1,7.107343912
A026,Hoolock_tianxing,0.879245283,0.075471698,98.77228,24.83037,2129,1,8.863586584
A030,Hoolock_tianxing,0.879245283,0.075471698,98.77231,24.82929,2066,1,7.334455073
E005,Hoolock_tianxing,0.683229814,0.267080745,98.77232,24.83002,2099,6,6.751818097
A029,Hoolock_tianxing,0.879245283,0.075471698,98.7727,24.82926,2085,1,7.608111649
D016,Hoolock_tianxing,0.544802867,0.268817204,98.77274,24.83261,2142,5,7.542778629
A082,Hoolock_tianxing,0.525,0.3825,98.7729,24.82985,2095,3,8.334246972
A081,Hoolock_tianxing,0.525,0.3825,98.77294,24.82978,2073,3,7.422688531
A036,Hoolock_tianxing,0.879245283,0.075471698,98.77297,24.83235,2147,1,6.660098968
A046,Hoolock_tianxing,0.844660194,0.042071197,98.77311,24.82996,2069,2,8.098227422
A075,Hoolock_tianxing,0.525,0.3825,98.77312,24.82988,2066,3,8.399155172
A051,Hoolock_tianxing,0.844660194,0.042071197,98.77324,24.83073,2075,2,6.821832509
A048,Hoolock_tianxing,0.844660194,0.042071197,98.77326,24.82989,2066,2,7.971289492
A095,Hoolock_tianxing,0.525,0.3825,98.77329,24.82985,2064,3,6.539061593
A037,Hoolock_tianxing,0.879245283,0.075471698,98.77329,24.83243,2140,1,6.864203265
A049,Hoolock_tianxing,0.844660194,0.042071197,98.77338,24.83002,2066,2,8.27061412
A028,Hoolock_tianxing,0.879245283,0.075471698,98.77338,24.82924,2037,1,7.894316192
A074,Hoolock_tianxing,0.525,0.3825,98.77346,24.82932,2040,3,7.364812704
A050,Hoolock_tianxing,0.844660194,0.042071197,98.77347,24.83019,2071,2,7.925372685
A073,Hoolock_tianxing,0.525,0.3825,98.7736,24.82898,2032,3,7.952450333
A027,Hoolock_tianxing,0.879245283,0.075471698,98.77361,24.82935,2017,1,8.269721126
A069,Hoolock_tianxing,0.844660194,0.042071197,98.77363,24.83143,2147,2,8.18088507
D057,Hoolock_tianxing,0.604347826,0.369565217,98.77382,24.83171,2097,7,7.585788849
D058,Hoolock_tianxing,0.604347826,0.369565217,98.77389,24.83178,2097,7,8.689804037
D023,Hoolock_tianxing,0.544802867,0.268817204,98.77412,24.82852,2045,5,7.832850368
D024,Hoolock_tianxing,0.544802867,0.268817204,98.77412,24.82852,2045,5,7.403576713
E016,Hoolock_tianxing,0.683229814,0.267080745,98.77416,24.82793,2067,6,7.068134578
D026,Hoolock_tianxing,0.544802867,0.268817204,98.77417,24.82712,2078,5,6.547952211
A042,Hoolock_tianxing,0.879245283,0.075471698,98.77417,24.82854,2020,1,7.474772088
A043,Hoolock_tianxing,0.879245283,0.075471698,98.77417,24.82854,2020,1,8.505058196
A070,Hoolock_tianxing,0.844660194,0.042071197,98.77418,24.83233,2109,2,6.940796746
A097,Hoolock_tianxing,0.525,0.3825,98.77419,24.82856,2035,3,7.493258303
A085,Hoolock_tianxing,0.525,0.3825,98.77422,24.82929,2001,3,7.843912294
A086,Hoolock_tianxing,0.525,0.3825,98.77422,24.82929,2001,3,8.250188677
A072,Hoolock_tianxing,0.525,0.3825,98.77427,24.82919,2017,3,7.855128456
A039,Hoolock_tianxing,0.879245283,0.075471698,98.77431,24.82942,2044,1,8.65578041
A040,Hoolock_tianxing,0.879245283,0.075471698,98.77431,24.82942,2044,1,7.933173165
A087,Hoolock_tianxing,0.525,0.3825,98.77436,24.83931,1998,3,8.1211458
A044,Hoolock_tianxing,0.879245283,0.075471698,98.77438,24.82831,2038,1,7.584401429
A060,Hoolock_tianxing,0.844660194,0.042071197,98.77442,24.82881,2018,2,7.663737488
A061,Hoolock_tianxing,0.844660194,0.042071197,98.77442,24.82881,2018,2,7.353771453
A053,Hoolock_tianxing,0.844660194,0.042071197,98.77449,24.82914,2049,2,7.515496777
A054,Hoolock_tianxing,0.844660194,0.042071197,98.77449,24.82914,2049,2,7.4226666
A058,Hoolock_tianxing,0.844660194,0.042071197,98.77454,24.82892,2002,2,7.430999824
A098,Hoolock_tianxing,0.525,0.3825,98.77455,24.82735,2065,3,7.279617548
D025,Hoolock_tianxing,0.544802867,0.268817204,98.77455,24.82783,2054,5,7.58005625
A071,Hoolock_tianxing,0.844660194,0.042071197,98.77472,24.83179,2066,2,7.252087106
A038,Hoolock_tianxing,0.879245283,0.075471698,98.77473,24.83308,2097,1,7.581716894
D017,Hoolock_tianxing,0.544802867,0.268817204,98.77485,24.83183,2059,5,7.128531744
A052,Hoolock_tianxing,0.844660194,0.042071197,98.77499,24.82914,2049,2,8.164746945
A062,Hoolock_tianxing,0.844660194,0.042071197,98.77516,24.82768,2042,2,6.832498967
A068,Hoolock_tianxing,0.844660194,0.042071197,98.77526,24.83089,2034,2,7.100719899
E015,Hoolock_tianxing,0.683229814,0.267080745,98.77538,24.82815,2032,6,6.953716664
D019,Hoolock_tianxing,0.544802867,0.268817204,98.77552,24.82955,2005,5,7.436192331
D020,Hoolock_tianxing,0.544802867,0.268817204,98.77552,24.82955,2005,5,8.107011943
E006,Hoolock_tianxing,0.683229814,0.267080745,98.77557,24.82965,2011,6,7.855025216
A092,Hoolock_tianxing,0.525,0.3825,98.77558,24.82977,2037,3,7.95403389
D018,Hoolock_tianxing,0.544802867,0.268817204,98.77558,24.82976,2012,5,6.685775018
A091,Hoolock_tianxing,0.525,0.3825,98.77565,24.82973,2038,3,8.178069424
A094,Hoolock_tianxing,0.525,0.3825,98.77565,24.82973,2038,3,7.885826194
E007,Hoolock_tianxing,0.683229814,0.267080745,98.77566,24.82973,2002,6,8.420784677
A041,Hoolock_tianxing,0.879245283,0.075471698,98.77572,24.83037,2025,1,8.984989989
A057,Hoolock_tianxing,0.844660194,0.042071197,98.77573,24.82968,1993,2,6.775673226
A066,Hoolock_tianxing,0.844660194,0.042071197,98.77573,24.83103,2022,2,7.664455118
A067,Hoolock_tianxing,0.844660194,0.042071197,98.77574,24.83108,2026,2,8.461109359
A088,Hoolock_tianxing,0.525,0.3825,98.77576,24.8316,2040,3,7.735268159
D061,Hoolock_tianxing,0.490909091,0.322727273,98.77583,24.82952,1995,8,6.916102283
E014,Hoolock_tianxing,0.683229814,0.267080745,98.77587,24.82819,2024,6,7.224719481
D060,Hoolock_tianxing,0.490909091,0.322727273,98.77596,24.8298,1988,8,8.157781207
A055,Hoolock_tianxing,0.844660194,0.042071197,98.776,24.82998,1989,2,6.558424275
A090,Hoolock_tianxing,0.525,0.3825,98.77605,24.83062,2048,3,6.906041046
A056,Hoolock_tianxing,0.844660194,0.042071197,98.77605,24.82995,1988,2,8.625937445
A089,Hoolock_tianxing,0.525,0.3825,98.77657,24.83164,2051,3,7.404793335
E008,Hoolock_tianxing,0.683229814,0.267080745,98.7767,24.82952,1966,6,7.514338122
D047,Hoolock_tianxing,0.604347826,0.369565217,98.77699,24.82899,1975,7,8.085948293
E012,Hoolock_tianxing,0.683229814,0.267080745,98.77728,24.8286,1964,6,7.670809408
E011,Hoolock_tianxing,0.683229814,0.267080745,98.77746,24.8286,1958,6,7.357690163
A063,Hoolock_tianxing,0.844660194,0.042071197,98.77749,24.82915,1958,2,8.024355836
A064,Hoolock_tianxing,0.844660194,0.042071197,98.77749,24.82915,1958,2,7.97144204
A065,Hoolock_tianxing,0.844660194,0.042071197,98.77766,24.82918,1978,2,9.060835656
D022,Hoolock_tianxing,0.544802867,0.268817204,98.77767,24.82848,1962,5,7.485041467
D051,Hoolock_tianxing,0.604347826,0.369565217,98.77769,24.83258,2075,7,8.017496781
E010,Hoolock_tianxing,0.683229814,0.267080745,98.77831,24.82828,1964,6,7.640244704
D048,Hoolock_tianxing,0.604347826,0.369565217,98.77847,24.83014,1981,7,8.610901659
D021,Hoolock_tianxing,0.544802867,0.268817204,98.77866,24.82928,1938,5,7.125082937
D049,Hoolock_tianxing,0.604347826,0.369565217,98.77875,24.82986,1973,7,8.108877784
D050,Hoolock_tianxing,0.604347826,0.369565217,98.77917,24.8302,1978,7,8.900204699
E009,Hoolock_tianxing,0.683229814,0.267080745,98.77958,24.83111,1966,6,9.097992753
G21040806G4B,Nomascus_concolor,0.553082192,0.33390411,100.421467,24.203746,2125,4,7.89908895
G21040801G4C12,Nomascus_concolor,0.553082192,0.33390411,100.421626,24.203699,2195,4,8.308653349
G21040802G4D,Nomascus_concolor,0.553082192,0.33390411,100.421626,24.203699,2195,4,8.482941024
G21040502G4B09,Nomascus_concolor,0.553082192,0.33390411,100.697289,24.343429,1889,4,7.791614746
G21040504G4B,Nomascus_concolor,0.553082192,0.33390411,100.697289,24.343429,1889,4,7.596205938
G21041301G5M3,Nomascus_concolor,0.553082192,0.33390411,100.423754,24.203995,2283,4,7.336569943
G21040901G6A,Nomascus_concolor,0.553082192,0.33390411,100.414563,24.210524,2079,4,7.799131669
G21040904G6B16,Nomascus_concolor,0.553082192,0.33390411,100.415325,24.210928,2054,4,7.924439687
G21041801G6M2,Nomascus_concolor,0.553082192,0.33390411,100.415461,24.21505,2171,4,6.692257844
G21040701G6M2,Nomascus_concolor,0.553082192,0.33390411,100.42209,24.213042,2481,4,8.078668886
G21040501G6M2,Nomascus_concolor,0.553082192,0.33390411,100.422377,24.213032,2406,4,7.621099112
C0104,Nomascus_hainanus,0.456521739,0.538043478,109.238596,19.97301,915,1,7.393507453
C0103,Nomascus_hainanus,0.456521739,0.538043478,109.238817,19.98029,1016,1,7.275480111
C0102,Nomascus_hainanus,0.456521739,0.538043478,109.239,19.9825981,887,1,7.494409996
C0105,Nomascus_hainanus,0.456521739,0.538043478,109.239477,19.96995,904,1,7.890114315
C0106,Nomascus_hainanus,0.456521739,0.538043478,109.2421347,19.9409207,795,1,7.946871718
C0108,Nomascus_hainanus,0.456521739,0.538043478,109.242204,19.97863,890,1,7.293672967
C0117,Nomascus_hainanus,0.456521739,0.538043478,109.141671,19.55653,935,1,7.107138672
C0114,Nomascus_hainanus,0.456521739,0.538043478,109.142225,19.5517,972,1,7.526530921
C0113,Nomascus_hainanus,0.456521739,0.538043478,109.142243,19.5513,947,1,7.203816404
C0112,Nomascus_hainanus,0.456521739,0.538043478,109.142629,19.54739,924,1,6.615891017
C0115,Nomascus_hainanus,0.456521739,0.538043478,109.14282,19.55242,912,1,7.443239968
C0116,Nomascus_hainanus,0.456521739,0.538043478,109.142823,19.55261,905,1,6.472940834
C0111,Nomascus_hainanus,0.456521739,0.538043478,109.143085,19.54457,915,1,6.279869639
C0110,Nomascus_hainanus,0.456521739,0.538043478,109.143817,19.54273,901,1,7.614913788
G21121502G4B15,Nomascus_concolor,0.16728281,0.792051756,100.6936809,24.3425,1810,12,7.824964944
G21121503G4B12,Nomascus_concolor,0.16728281,0.792051756,100.6933775,24.3424,1820,12,8.017504909
G21120502G4D,Nomascus_concolor,0.16728281,0.792051756,100.6988182,24.3402,2047,12,7.629886241
G22021303G6A,Nomascus_concolor,0.148779103,0.248722317,100.70266,24.359,2141,2,7.861611886
G22020802G6M2,Nomascus_concolor,0.148779103,0.248722317,100.700315,24.3535,2017,2,8.567572755
G22020803G6A,Nomascus_concolor,0.148779103,0.248722317,100.700315,24.3535,2017,2,7.464674696
G21122901G6M2,Nomascus_concolor,0.16728281,0.792051756,100.69271,24.3511,1932,12,7.662176679
G21122201G6M2,Nomascus_concolor,0.16728281,0.792051756,100.6934251,24.35,1995,12,7.091647141
G21053101G5B13,Nomascus_concolor,0.14612868,0.726281352,100,24.34659495,2407,5,7.403564175
G21121301G5A,Nomascus_concolor,0.16728281,0.792051756,100.7053558,24.34498356,2097,12,7.647834565
G21122302G4M2,Nomascus_concolor,0.16728281,0.792051756,100.7042519,24.34371196,2194,12,7.322742062
G21121501G4D,Nomascus_concolor,0.16728281,0.792051756,100.6936574,24.34233126,1813,12,8.135907859
G22020905G4M2,Nomascus_concolor,0.148779103,0.248722317,100.6917957,24.34184994,1813,2,7.600345059
G22020901G4B12,Nomascus_concolor,0.148779103,0.248722317,100.6930075,24.34172607,1798,2,8.264023812
G21121504G4B15,Nomascus_concolor,0.16728281,0.792051756,100.6917706,24.34165524,1848,12,7.313531165
G21122103G4D18,Nomascus_concolor,0.16728281,0.792051756,100.7026779,24.34165402,2182,12,8.077824945
G22020902G4B15,Nomascus_concolor,0.148779103,0.248722317,100.6925774,24.34164494,1805,2,7.89380298
G22020903G4C12,Nomascus_concolor,0.148779103,0.248722317,100.6925256,24.34161944,1832,2,7.692343316
G21122101G4D15,Nomascus_concolor,0.16728281,0.792051756,100.7022287,24.34157934,2183,12,7.052686074
G21122102G4D,Nomascus_concolor,0.16728281,0.792051756,100.7023581,24.3414214,2164,12,7.616835201
G21120601G4C12,Nomascus_concolor,0.16728281,0.792051756,100.6944365,24.34126714,1898,12,7.702635467
G22020904G4B19,Nomascus_concolor,0.148779103,0.248722317,100.6923112,24.34112124,1866,2,7.947624928
G21122003G4B15,Nomascus_concolor,0.16728281,0.792051756,100.6943366,24.34085163,1941,12,7.480430953
G21122002G4B12,Nomascus_concolor,0.16728281,0.792051756,100.6942354,24.34067455,1941,12,7.858889817
G21120602G4D,Nomascus_concolor,0.16728281,0.792051756,100.6941155,24.34051045,1923,12,7.058594506
G21120503G4C12,Nomascus_concolor,0.16728281,0.792051756,100.699206,24.33994414,2043,12,8.437211047
G22021302G4D18,Nomascus_concolor,0.148779103,0.248722317,100.6939393,24.33987114,1972,2,7.300012735
G22021303G4B12,Nomascus_concolor,0.148779103,0.248722317,100.6937482,24.33735574,2019,2,6.621749955
G22020803G4D15,Nomascus_concolor,0.148779103,0.248722317,100.694282,24.33655917,2077,2,7.65071073
G22020804G4C12,Nomascus_concolor,0.148779103,0.248722317,100.6943881,24.33637169,2080,2,7.789021376
G22020802G4M2,Nomascus_concolor,0.148779103,0.248722317,100.69455,24.33632885,2094,2,7.814142783
G22020805G4B,Nomascus_concolor,0.148779103,0.248722317,100.6945807,24.33612359,2141,2,7.544588028
G22020402G6M2,Nomascus_concolor,0.148779103,0.248722317,100.6941883,24.5569366,2016,2,7.573572144
G21121503G6A13,Nomascus_concolor,0.16728281,0.792051756,100.6953321,24.356411,2062,12,7.410042557
G22021402G6B,Nomascus_concolor,0.148779103,0.248722317,100.6990667,24.3523816,1995,2,7.873029272
G21122202G6A,Nomascus_concolor,0.16728281,0.792051756,100.692871,24.351721,2130,12,6.749515751
G22021102G6M2,Nomascus_concolor,0.148779103,0.248722317,100.7005656,24.3511241,2315,2,8.042674626
G22021101G4D,Nomascus_concolor,0.148779103,0.248722317,100.7044075,24.3437858,2135,2,7.811098058
G22021102G4C12,Nomascus_concolor,0.148779103,0.248722317,100.7046418,24.3436303,2182,2,7.518887061
G22021201G4D,Nomascus_concolor,0.148779103,0.248722317,100.6950274,24.3430539,1899,2,7.831413897
G21122301G4M2,Nomascus_concolor,0.16728281,0.792051756,100.7040419,24.3423389,2233,12,7.697264466
G22020203G6A,Nomascus_concolor,0.148779103,0.248722317,100.6933213,24.361133,2012,2,7.416146793
G21122701G6M2,Nomascus_concolor,0.16728281,0.792051756,100.691678,24.354333,1937,12,7.014378024
G21120202G6B,Nomascus_concolor,0.16728281,0.792051756,100.6934172,24.35404,2055,12,6.618021224
G22020301G6B16,Nomascus_concolor,0.148779103,0.248722317,100.7005243,24.35333,2184,2,7.601171483
G22021401G6A19,Nomascus_concolor,0.148779103,0.248722317,100.6924167,24.353215,1991,2,8.46129875
G21122601G6A16,Nomascus_concolor,0.16728281,0.792051756,100.693046,24.351351,1921,12,7.101917758
G21120304G6B16,Nomascus_concolor,0.16728281,0.792051756,100.6924033,24.350321,1958,12,7.34929657
G21122004G4D,Nomascus_concolor,0.16728281,0.792051756,100.6944377,24.342257,1908,12,7.470530667
G22021301G4D,Nomascus_concolor,0.148779103,0.248722317,100.6928402,24.339729,1962,2,7.880994637
G21121501G6A,Nomascus_concolor,0.16728281,0.792051756,100.6932174,24.35631,2062,12,7.456662488
G22020202G6A19,Nomascus_concolor,0.148779103,0.248722317,100.6934267,24.35333,2102,2,7.407850843
G22021703G6A,Nomascus_concolor,0.148779103,0.248722317,100.6990167,24.35333,2215,2,7.542819426
G21120301G6A19,Nomascus_concolor,0.16728281,0.792051756,100.69333,24.35271,1946,12,7.165003939
C057,Hoolock_tianxing,0.167785235,0.563758389,98.77879,25.2227,2135,8,6.957933793
C062,Hoolock_tianxing,0.167785235,0.563758389,98.77892,25.22134,2161,8,7.672626922
C063,Hoolock_tianxing,0.167785235,0.563758389,98.77949,25.22131,2200,8,5.716278604
X009,Hoolock_tianxing,0.051502146,0.824034335,98.78001,25.22115,2222,9,7.28604917
C058,Hoolock_tianxing,0.167785235,0.563758389,98.78011,25.22573,2069,8,7.013805062
C064,Hoolock_tianxing,0.167785235,0.563758389,98.78027,25.22077,2236,8,6.369482343
C060,Hoolock_tianxing,0.167785235,0.563758389,98.78039,25.22597,2052,8,6.372939387
X025,Hoolock_tianxing,0.093117409,0.765182186,98.78042,25.22374,2272,10,5.978161869
X015,Hoolock_tianxing,0.051502146,0.824034335,98.78048,25.21607,2363,9,6.034268663
C065,Hoolock_tianxing,0.167785235,0.563758389,98.78052,25.22032,2254,8,6.137151211
X033,Hoolock_tianxing,0.093117409,0.765182186,98.78057,25.22209,2274,10,7.970648251
X034,Hoolock_tianxing,0.093117409,0.765182186,98.7807,25.22177,2271,10,7.294051081
C061,Hoolock_tianxing,0.167785235,0.563758389,98.78072,25.22544,2095,8,5.611241508
X036,Hoolock_tianxing,0.093117409,0.765182186,98.78075,25.21924,2302,10,7.120891525
X035,Hoolock_tianxing,0.093117409,0.765182186,98.78107,25.22076,2285,10,8.007930949
X003,Hoolock_tianxing,0.051502146,0.824034335,98.78123,25.21732,2360,9,5.815071914
X004,Hoolock_tianxing,0.051502146,0.824034335,98.78123,25.21732,2360,9,7.14920987
X010,Hoolock_tianxing,0.051502146,0.824034335,98.78128,25.22142,2302,9,6.573462932
X014,Hoolock_tianxing,0.051502146,0.824034335,98.78178,25.2168,2350,9,7.364728421
X011,Hoolock_tianxing,0.051502146,0.824034335,98.78188,25.22232,2327,9,6.199637898
X016,Hoolock_tianxing,0.051502146,0.824034335,98.78204,25.21617,2344,9,6.393228569
X002,Hoolock_tianxing,0.051502146,0.824034335,98.7823,25.21708,2314,9,8.468481093
X024,Hoolock_tianxing,0.093117409,0.765182186,98.78251,25.22375,2368,10,6.835301147
C068,Hoolock_tianxing,0.167785235,0.563758389,98.7827,25.21593,2296,8,6.655408342
C069,Hoolock_tianxing,0.167785235,0.563758389,98.7827,25.21593,2296,8,7.25824091
C056,Hoolock_tianxing,0.167785235,0.563758389,98.78271,25.22067,2332,8,5.964621613
X001,Hoolock_tianxing,0.051502146,0.824034335,98.78273,25.21654,2294,9,6.095569137
X022,Hoolock_tianxing,0.093117409,0.765182186,98.78379,25.22192,2283,10,6.129205544
X023,Hoolock_tianxing,0.093117409,0.765182186,98.78379,25.22192,2283,10,5.581803759
C055,Hoolock_tianxing,0.167785235,0.563758389,98.78389,25.21992,2255,8,7.018614251
X020,Hoolock_tianxing,0.093117409,0.765182186,98.78402,25.22087,2248,10,7.274460329
X029,Hoolock_tianxing,0.093117409,0.765182186,98.78403,25.2212,2245,10,8.530471793
X019,Hoolock_tianxing,0.093117409,0.765182186,98.78404,25.22157,2256,10,5.557814446
X030,Hoolock_tianxing,0.093117409,0.765182186,98.78408,25.2211,2252,10,7.291551904
X031,Hoolock_tianxing,0.093117409,0.765182186,98.78427,25.22078,2228,10,7.474409781
X038,Hoolock_tianxing,0.093117409,0.765182186,98.784419,25.217752,2269,10,7.268171136
X012,Hoolock_tianxing,0.051502146,0.824034335,98.78523,25.21893,2188,9,6.113825401
X028,Hoolock_tianxing,0.093117409,0.765182186,98.78663,25.2439,2123,10,7.603581455
C054,Hoolock_tianxing,0.167785235,0.563758389,98.78694,25.21937,2148,8,5.971250204
X026,Hoolock_tianxing,0.093117409,0.765182186,98.78727,25.22232,2113,10,7.516770695
C067,Hoolock_tianxing,0.167785235,0.563758389,98.7873,25.2183,2090,8,7.164148282
X008,Hoolock_tianxing,0.051502146,0.824034335,98.78742,25.21948,2134,9,5.779513119
C066,Hoolock_tianxing,0.167785235,0.563758389,98.78745,25.21827,2117,8,7.38065374
X017,Hoolock_tianxing,0.051502146,0.824034335,98.78813,25.22013,2074,9,7.393598059
X018,Hoolock_tianxing,0.051502146,0.824034335,98.78838,25.21866,2072,9,7.162875532
X007,Hoolock_tianxing,0.051502146,0.824034335,98.78861,25.21937,2095,9,5.861862915
C053,Hoolock_tianxing,0.167785235,0.563758389,98.78893,25.21901,2082,8,7.005321857
X021,Hoolock_tianxing,0.093117409,0.765182186,98.78971,25.22016,2045,10,6.434385577
X040,Hoolock_tianxing,0.093117409,0.765182186,98.789755,25.22019,2047,10,5.983892073
X039,Hoolock_tianxing,0.093117409,0.765182186,98.789789,25.220027,2050,10,7.38659676
X005,Hoolock_tianxing,0.051502146,0.824034335,98.7898,25.21995,2043,9,7.093244291
X006,Hoolock_tianxing,0.051502146,0.824034335,98.7898,25.21904,2052,9,5.458434856
Y023,Hoolock_tianxing,0.069069069,0.804804805,98.76678,24.83424,2207,10,7.091706205
Y003,Hoolock_tianxing,0.051502146,0.824034335,98.76717,24.83212,2227,9,8.035334776
Y022,Hoolock_tianxing,0.069069069,0.804804805,98.76726,24.8354,2211,10,8.187001761
Y028,Hoolock_tianxing,0.069069069,0.804804805,98.76768,24.82983,2192,10,7.477594714
Y029,Hoolock_tianxing,0.069069069,0.804804805,98.76772,24.82964,2203,10,7.048545793
Y030,Hoolock_tianxing,0.069069069,0.804804805,98.76785,24.83057,2210,10,7.231233688
Y002,Hoolock_tianxing,0.051502146,0.824034335,98.7679,24.83094,2213,9,7.298840603
Y021,Hoolock_tianxing,0.069069069,0.804804805,98.76792,24.835,2219,10,7.160551547
Y009,Hoolock_tianxing,0.051502146,0.824034335,98.76805,24.83267,2225,9,8.295152865
Y007,Hoolock_tianxing,0.051502146,0.824034335,98.76814,24.8301,2190,9,8.483767234
Y001,Hoolock_tianxing,0.051502146,0.824034335,98.76823,24.82985,2196,9,6.530566203
Y006,Hoolock_tianxing,0.051502146,0.824034335,98.76849,24.83097,2205,9,6.513511789
Y035,Hoolock_tianxing,0.069069069,0.804804805,98.76862,24.82956,2184,10,6.296867609
Y024,Hoolock_tianxing,0.069069069,0.804804805,98.76881,24.83174,2207,10,7.510215214
Y025,Hoolock_tianxing,0.069069069,0.804804805,98.76908,24.83199,2213,10,6.324366251
Y020,Hoolock_tianxing,0.069069069,0.804804805,98.76909,24.83473,2195,10,6.801561308
Y027,Hoolock_tianxing,0.069069069,0.804804805,98.7697,24.82982,2152,10,5.685170415
Y014,Hoolock_tianxing,0.069069069,0.804804805,98.76978,24.83384,2192,10,7.295420703
Y013,Hoolock_tianxing,0.069069069,0.804804805,98.77007,24.83399,2180,10,8.266402951
Y034,Hoolock_tianxing,0.069069069,0.804804805,98.77056,24.82866,2130,10,5.979258539
Y004,Hoolock_tianxing,0.051502146,0.824034335,98.77079,24.82956,2116,9,7.157252739
Y005,Hoolock_tianxing,0.051502146,0.824034335,98.77079,24.82956,2116,9,6.839143412
Y019,Hoolock_tianxing,0.069069069,0.804804805,98.7708,24.8352,2159,10,6.574423647
Y008,Hoolock_tianxing,0.051502146,0.824034335,98.77087,24.83343,2204,9,7.920152692
Y033,Hoolock_tianxing,0.069069069,0.804804805,98.77119,24.82831,2085,10,6.704606437
Y010,Hoolock_tianxing,0.051502146,0.824034335,98.77229,24.82869,2051,9,7.466744242
Y018,Hoolock_tianxing,0.069069069,0.804804805,98.77267,24.83193,2124,10,6.839505658
Y015,Hoolock_tianxing,0.069069069,0.804804805,98.77307,24.82807,2025,10,6.519037455
Y026,Hoolock_tianxing,0.069069069,0.804804805,98.77336,24.83014,2071,10,7.570391756
Y031,Hoolock_tianxing,0.069069069,0.804804805,98.77374,24.83108,2085,10,7.356422583
Y016,Hoolock_tianxing,0.069069069,0.804804805,98.77406,24.82804,2045,10,7.492761184
Y012,Hoolock_tianxing,0.051502146,0.824034335,98.77407,24.82784,2055,9,6.819870692
Y011,Hoolock_tianxing,0.051502146,0.824034335,98.77422,24.82884,2001,9,8.197701119
Y032,Hoolock_tianxing,0.069069069,0.804804805,98.77423,24.83052,2058,10,6.957951414
Y017,Hoolock_tianxing,0.069069069,0.804804805,98.77428,24.82824,2045,10,8.000963101
Y036,Hoolock_tianxing,0.069069069,0.804804805,98.77868,24.82997,1972,10,6.896891559
Y037,Hoolock_tianxing,0.069069069,0.804804805,98.7791,24.8297,1955,10,6.454253706
Y038,Hoolock_tianxing,0.069069069,0.804804805,98.78179,24.8305,1909,10,7.50948916
X032,Hoolock_tianxing,0.093117409,0.765182186,98.78446,24.22066,2220,10,7.338076103
X027,Hoolock_tianxing,0.093117409,0.765182186,98.78727,24.22232,2113,10,7.803447345
G21110401G6A19,Nomascus_concolor,0.064841499,0.894092219,100.395326,24.353733,1936,11,7.466203189
G21110402G6A16,Nomascus_concolor,0.064841499,0.894092219,100.395326,24.353733,1936,11,7.426115497
G21062206G6M2,Nomascus_concolor,0.114519427,0.803680982,100.4151245,24.215325,2267,6,7.611912477
G21062201G6A,Nomascus_concolor,0.114519427,0.803680982,100.415747,24.215854,2263,6,8.708705772
G21062203G6M2,Nomascus_concolor,0.114519427,0.803680982,100.415747,24.215854,2263,6,7.654258655
G21062204G6B16,Nomascus_concolor,0.114519427,0.803680982,100.415747,24.215854,2263,6,7.557826114
G21061801G6B,Nomascus_concolor,0.114519427,0.803680982,100.426632,24.21532,2450,6,7.384182184
G21110804G6A,Nomascus_concolor,0.064841499,0.894092219,100.5933315,24.350424,1999,11,6.277284058
G21110803G6A19,Nomascus_concolor,0.064841499,0.894092219,100.5935176,24.3533225,1999,11,7.797107034
G21061902G4M2,Nomascus_concolor,0.114519427,0.803680982,100.6885366,24.3431918,1716,6,8.087349213
G21061904G4B09,Nomascus_concolor,0.114519427,0.803680982,100.6886642,24.3442392,1731,6,7.875515696
G21061905G4D,Nomascus_concolor,0.114519427,0.803680982,100.6886642,24.3442392,1731,6,7.8392756
G21101601G6B,Nomascus_concolor,0.033613445,0.896008403,100.6915322,24.353233,1905,10,6.386854797
G21100104G6M2,Nomascus_concolor,0.033613445,0.896008403,100.6916653,24.35981667,2136,10,7.035846369
G21111801G6B,Nomascus_concolor,0.064841499,0.894092219,100.6923311,24.3560274,2132,11,6.955236645
G21101305G6A16,Nomascus_concolor,0.033613445,0.896008403,100.6925666,24.34916,1941,10,7.525318964
G21100201G6M2,Nomascus_concolor,0.033613445,0.896008403,100.6928833,24.35293117,1965,10,7.600044009
G21100202G6M2,Nomascus_concolor,0.033613445,0.896008403,100.6928833,24.35293117,1965,10,7.398455245
G21101303G6A,Nomascus_concolor,0.033613445,0.896008403,100.693332,24.352117,2169,10,7.491937918
G21112201G6B,Nomascus_concolor,0.064841499,0.894092219,100.6933321,24.3614567,2129,11,7.03334833
G21110801G6A13,Nomascus_concolor,0.064841499,0.894092219,100.6933557,24.3512672,2080,11,6.611306797
G21110702G6A,Nomascus_concolor,0.064841499,0.894092219,100.693555,24.3512372,1962,11,6.624548087
G22020806G4B12,Nomascus_concolor,0.148779103,0.248722317,100.6945508,24.33712244,2109,2,7.656586722
G21101301G6B,Nomascus_concolor,0.033613445,0.896008403,100.6950716,24.35189105,1927,10,7.219201134
G21101302G6A,Nomascus_concolor,0.033613445,0.896008403,100.6950716,24.35189105,1927,10,7.156155753
G21100105G6A,Nomascus_concolor,0.033613445,0.896008403,100.6969333,24.35333264,2140,10,7.058506537
G21100106G6B,Nomascus_concolor,0.033613445,0.896008403,100.6969333,24.35333264,2140,10,7.037166158
G21100108G6B16,Nomascus_concolor,0.033613445,0.896008403,100.6969333,24.35333264,2140,10,7.334460037
G21101202G6M2,Nomascus_concolor,0.033613445,0.896008403,100.69795,24.3579566,2105,10,7.821131786
G21100101G6A16,Nomascus_concolor,0.033613445,0.896008403,100.6991333,24.35803333,2136,10,7.153061856
G21100103G6A13,Nomascus_concolor,0.033613445,0.896008403,100.6991333,24.35803333,2136,10,7.112528996
G22021101G6M2,Nomascus_concolor,0.148779103,0.248722317,100.7005656,24.3511241,2315,2,8.299772875
G21101304G6B,Nomascus_concolor,0.033613445,0.896008403,100.700911,24.351725,1978,10,7.004689317
G22020902G6B,Nomascus_concolor,0.148779103,0.248722317,100.7027883,24.35700833,2094,2,7.543628752
G21110301G5B13,Nomascus_concolor,0.064841499,0.894092219,100.7037487,24.34635407,1914,11,8.153576912
G21052506G4D,Nomascus_concolor,0.14612868,0.726281352,100.7047713,24.34345585,2177,5,7.817714889
G22021103G6B16,Nomascus_concolor,0.148779103,0.248722317,100.705336,24.356633,2245,2,7.918983601
G21111401G5B13,Nomascus_concolor,0.064841499,0.894092219,100.7057573,24.34391624,2177,11,7.79349875
G21112501G5A,Nomascus_concolor,0.064841499,0.894092219,100.7059179,24.344729,2174,11,7.700931403
G21062201G5M3,Nomascus_concolor,0.114519427,0.803680982,100.7135064,24.354072,2577,6,7.438595864
G21092501G4B,Nomascus_concolor,0.079365079,0.906349206,100.412242,24.201159,1849,9,7.517259495
G21092503G4B12,Nomascus_concolor,0.079365079,0.906349206,100.412242,24.201159,1849,9,7.366874825
G21092406G4C12,Nomascus_concolor,0.079365079,0.906349206,100.413822,24.20378,1761,9,7.592495872
G21062502G4B12,Nomascus_concolor,0.114519427,0.803680982,100.413887,24.203924,1791,6,8.337329747
G21092402G4M2,Nomascus_concolor,0.079365079,0.906349206,100.413952,24.203093,1850,9,7.50209366
G21092401G4D,Nomascus_concolor,0.079365079,0.906349206,100.414136,24.203114,1812,9,7.28652349
G21091902G6A13,Nomascus_concolor,0.079365079,0.906349206,100.414632,24.21752,1867,9,7.713426427
G21051602G6B,Nomascus_concolor,0.14612868,0.726281352,100.415086,24.212064,2071,5,8.325467888
G21091801G6M2,Nomascus_concolor,0.079365079,0.906349206,100.415325,24.211426,2164,9,7.900825228
G21091802G6A16,Nomascus_concolor,0.079365079,0.906349206,100.415325,24.211426,2164,9,7.97149139
G21092201G6A,Nomascus_concolor,0.079365079,0.906349206,100.415327,24.21146,1960,9,8.250060107
G21092202G6M2,Nomascus_concolor,0.079365079,0.906349206,100.415327,24.21146,1960,9,7.595543522
G21091901G6A16,Nomascus_concolor,0.079365079,0.906349206,100.415382,24.213327,1872,9,7.565364193
G21092001G6B,Nomascus_concolor,0.079365079,0.906349206,100.415497,24.214138,2053,9,7.713560629
G21092301G6A,Nomascus_concolor,0.079365079,0.906349206,100.416372,24.21733,2083,9,7.185174884
G21092703G6B,Nomascus_concolor,0.079365079,0.906349206,100.417324,24.21328,2147,9,7.558127375
G21082801G6B,Nomascus_concolor,0.04189044,0.93877551,100.421521,24.21224,2460,8,8.064628694
G21052001G6A13,Nomascus_concolor,0.14612868,0.726281352,100.421521,24.21934,2362,5,7.942159416
G21082103G6M2,Nomascus_concolor,0.04189044,0.93877551,100.421527,24.21424,2451,8,6.17253015
G21082902G6M2,Nomascus_concolor,0.04189044,0.93877551,100.421527,24.21444,2522,8,7.883686511
G21082903G6A16,Nomascus_concolor,0.04189044,0.93877551,100.421527,24.214429,2464,8,7.916463522
G21082904G6B16,Nomascus_concolor,0.04189044,0.93877551,100.421527,24.214429,2464,8,7.513637154
G21050401G6A,Nomascus_concolor,0.14612868,0.726281352,100.421527,24.21932,2281,5,8.15025242
G21050704G6M2,Nomascus_concolor,0.14612868,0.726281352,100.421527,24.21932,2281,5,8.388674847
G21082104G6A13,Nomascus_concolor,0.04189044,0.93877551,100.421536,24.21429,2480,8,7.974658633
G21082105G6B16,Nomascus_concolor,0.04189044,0.93877551,100.421536,24.21429,2480,8,7.567793925
G21092701G6M2,Nomascus_concolor,0.079365079,0.906349206,100.421537,24.21433,2106,9,6.877682995
G21050701G6A,Nomascus_concolor,0.14612868,0.726281352,100.421537,24.21943,2231,5,7.706049324
G21081301G6M2,Nomascus_concolor,0.04189044,0.93877551,100.421546,24.216327,2325,8,7.603773628
G21081302G6A16,Nomascus_concolor,0.04189044,0.93877551,100.421546,24.216327,2325,8,7.207523335
G21081303G6B16,Nomascus_concolor,0.04189044,0.93877551,100.421546,24.216327,2325,8,7.579474069
G21051302G6M2,Nomascus_concolor,0.14612868,0.726281352,100.421562,24.214397,2393,5,7.853570216
G21090202G6B,Nomascus_concolor,0.079365079,0.906349206,100.421564,24.214437,2522,9,7.793534844
G21091803G6A,Nomascus_concolor,0.079365079,0.906349206,100.421564,24.214322,2107,9,6.868918924
G21051902G6B16,Nomascus_concolor,0.14612868,0.726281352,100.421582,24.214345,2263,5,7.585629916
G21051903G6M2,Nomascus_concolor,0.14612868,0.726281352,100.421582,24.214345,2263,5,7.607631282
G21051301G6B16,Nomascus_concolor,0.14612868,0.726281352,100.421642,24.21928,2350,5,7.745843058
G21051601G6B,Nomascus_concolor,0.14612868,0.726281352,100.421827,24.21424,1972,5,8.271028731
G21052002G6M2,Nomascus_concolor,0.14612868,0.726281352,100.421834,24.21492,2369,5,7.291931027
G21052003G6A16,Nomascus_concolor,0.14612868,0.726281352,100.421834,24.21492,2369,5,7.825953706
G21051901G6B,Nomascus_concolor,0.14612868,0.726281352,100.42199,24.214315,2447,5,8.153321415
G21090201G6A,Nomascus_concolor,0.079365079,0.906349206,100.422565,24.213389,2460,9,7.446083635
G21051301G5A,Nomascus_concolor,0.14612868,0.726281352,100.423711,24.204334,2260,5,7.490288587
G21051101G6B16,Nomascus_concolor,0.14612868,0.726281352,100.424631,24.212062,2428,5,7.584389355
G21091804G6B,Nomascus_concolor,0.079365079,0.906349206,100.426424,24.214433,2116,9,7.654491448
G21102803G4D18,Nomascus_concolor,0.033613445,0.896008403,100.69288,24.34101946,1864,10,7.383119858
G21102802G4D,Nomascus_concolor,0.033613445,0.896008403,100.69294,24.34028315,1992,10,7.579180883
G21101502G4B12,Nomascus_concolor,0.033613445,0.896008403,100.692962,24.34239952,1817,10,8.115306611
G21101501G4B15,Nomascus_concolor,0.033613445,0.896008403,100.69352,24.341804,1947,10,7.617338205
G21122701G4D15,Nomascus_concolor,0.16728281,0.792051756,100.699389,24.33735773,1939,12,7.954935654
G21112501G4C12,Nomascus_concolor,0.064841499,0.894092219,100.703997,24.345939,2152,11,8.314753568
G21060101G5A,Nomascus_concolor,0.114519427,0.803680982,100.706924,24.3425248,2255,6,7.747014125
G21052701G5B13,Nomascus_concolor,0.14612868,0.726281352,100.71576,24.35114557,2380,5,7.079351189
G21052103G5A,Nomascus_concolor,0.14612868,0.726281352,100.71644,24.35113978,2385,5,7.951760411
G21082901G5M3,Nomascus_concolor,0.04189044,0.93877551,100.71853,24.35179948,2450,8,8.035736673
G21060301G5A,Nomascus_concolor,0.114519427,0.803680982,100.71925,24.35278717,2467,6,7.286654492
G21060302G5B,Nomascus_concolor,0.114519427,0.803680982,100.71925,24.35278717,2467,6,7.524599091
G21060303G5M3,Nomascus_concolor,0.114519427,0.803680982,100.71288,24.35287965,2505,6,7.396035674
B2022042910,Nomascus_hainanus,0.022821577,0.904564315,109.132914,19.7917,964,4,6.760166288
B2022031108,Nomascus_hainanus,0.090024331,0.630170316,109.132991,19.71022,964,3,7.378950121
B2022042804,Nomascus_hainanus,0.022821577,0.904564315,109.133058,19.717,850,4,7.075647118
B2022031107,Nomascus_hainanus,0.090024331,0.630170316,109.133146,19.7945,933,3,7.347957842
B2022030704,Nomascus_hainanus,0.090024331,0.630170316,109.133166,19.71649,831,3,6.750276682
B2022042601,Nomascus_hainanus,0.022821577,0.904564315,109.133187,19.71424,879,4,7.106828794
B2022030806,Nomascus_hainanus,0.090024331,0.630170316,109.13323,19.71634,849,3,7.271785985
B2022031311,Nomascus_hainanus,0.090024331,0.630170316,109.133248,19.71638,818,3,7.083917921
B2022030703,Nomascus_hainanus,0.090024331,0.630170316,109.133258,19.71563,831,3,7.056672237
B2022042807,Nomascus_hainanus,0.022821577,0.904564315,109.133267,19.71578,831,4,7.085552213
B2022042703,Nomascus_hainanus,0.022821577,0.904564315,109.13328,19.71075,843,4,7.760104746
B2022042602,Nomascus_hainanus,0.022821577,0.904564315,109.133326,19.65436,1121,4,7.119698048
B2022030601,Nomascus_hainanus,0.090024331,0.630170316,109.133329,19.71535,834,3,7.347434489
B2022031812,Nomascus_hainanus,0.090024331,0.630170316,109.13333,19.71569,821,3,6.571238404
B2022042805,Nomascus_hainanus,0.022821577,0.904564315,109.133354,19.71442,834,4,6.523486901
B2022042909,Nomascus_hainanus,0.022821577,0.904564315,109.133371,19.71163,861,4,7.001191182
B2022042911,Nomascus_hainanus,0.022821577,0.904564315,109.133375,19.7611,970,4,8.610543143
B2022031106,Nomascus_hainanus,0.090024331,0.630170316,109.133447,19.71481,828,3,7.614108066
B2022042808,Nomascus_hainanus,0.022821577,0.904564315,109.133491,19.7751,896,4,7.613180159
B2022042806,Nomascus_hainanus,0.022821577,0.904564315,109.133997,19.71415,810,4,7.356142226
B2022030602,Nomascus_hainanus,0.090024331,0.630170316,109.134012,19.71398,810,3,6.948198298
B2022031210,Nomascus_hainanus,0.090024331,0.630170316,109.135176,19.71241,795,3,7.318261592
B2022070701,Nomascus_hainanus,0.057866184,0.904159132,109.131336,19.7867,808,7,8.143814036
B2022062005,Nomascus_hainanus,0.016759777,0.946927374,109.131524,19.7695,834,6,8.090865383
B2022110201,Nomascus_hainanus,0.077372263,0.871532847,109.131614,19.71094,845,11,7.43088164
B2022101107,Nomascus_hainanus,0.050874404,0.920508744,109.131624,19.7858,837,10,8.229225297
B2022090305,Nomascus_hainanus,0.019061584,0.960410557,109.131689,19.71569,877,9,7.152736897
B2022090306,Nomascus_hainanus,0.019061584,0.960410557,109.131689,19.71569,877,9,6.932048193
B2022071605,Nomascus_hainanus,0.057866184,0.904159132,109.131696,19.7139,897,7,7.214998354
B2022090201,Nomascus_hainanus,0.019061584,0.960410557,109.131852,19.71511,855,9,7.263145261
B2022090307,Nomascus_hainanus,0.019061584,0.960410557,109.131911,19.71546,893,9,8.313892088
B2022050702,Nomascus_hainanus,0.049342105,0.911184211,109.132161,19.7159,941,5,6.905552151
B2022101208,Nomascus_hainanus,0.050874404,0.920508744,109.132189,19.723,907,10,7.315820914
B2022051003,Nomascus_hainanus,0.049342105,0.911184211,109.13236,19.7859,934,5,6.639552101
B2022090202,Nomascus_hainanus,0.019061584,0.960410557,109.132336,19.72123,961,9,7.909010102
B2022050601,Nomascus_hainanus,0.049342105,0.911184211,109.132362,19.71869,969,5,7.17209039
B2022100706,Nomascus_hainanus,0.050874404,0.920508744,109.132371,19.72636,939,10,7.932644377
B2022082113,Nomascus_hainanus,0.048169557,0.874759152,109.13249,19.7551,968,8,6.959673804
B2022082111,Nomascus_hainanus,0.048169557,0.874759152,109.132426,19.765,1001,8,8.643546249
B2022080302,Nomascus_hainanus,0.048169557,0.874759152,109.132636,19.71946,896,8,7.266324649
B2022090203,Nomascus_hainanus,0.019061584,0.960410557,109.13265,19.72289,880,9,7.939916667
B2022090204,Nomascus_hainanus,0.019061584,0.960410557,109.132656,19.723,912,9,8.042875284
B2022090308,Nomascus_hainanus,0.019061584,0.960410557,109.132894,19.7789,1011,9,7.391203989
B2022051004,Nomascus_hainanus,0.049342105,0.911184211,109.132977,19.7075,1068,5,7.494313474
B2022062004,Nomascus_hainanus,0.016759777,0.946927374,109.133276,19.6559,1112,6,8.333093737
B2022110506,Nomascus_hainanus,0.077372263,0.871532847,109.133491,19.65614,1060,11,7.57825442
B2022090510,Nomascus_hainanus,0.019061584,0.960410557,109.133588,19.65961,994,9,7.646541709
B2022101209,Nomascus_hainanus,0.050874404,0.920508744,109.133675,19.65442,1032,10,7.999376044
B2022101211,Nomascus_hainanus,0.050874404,0.920508744,109.133797,19.654,1041,10,7.935814698
B2022090511,Nomascus_hainanus,0.019061584,0.960410557,109.133838,19.71199,832,9,6.747961308
B2022061301,Nomascus_hainanus,0.016759777,0.946927374,109.133913,19.65328,1044,6,7.688769776
B2022100605,Nomascus_hainanus,0.050874404,0.920508744,109.133922,19.7384,918,10,8.009778363
B2022101210,Nomascus_hainanus,0.050874404,0.920508744,109.133948,19.6544,996,10,6.869702549
B2022111313,Nomascus_hainanus,0.077372263,0.871532847,109.133964,19.71297,821,11,6.421525196
B2022082215,Nomascus_hainanus,0.048169557,0.874759152,109.134038,19.71238,826,8,7.064327859
B2022110608,Nomascus_hainanus,0.077372263,0.871532847,109.13406,19.754,898,11,8.591493624
B2022110607,Nomascus_hainanus,0.077372263,0.871532847,109.13417,19.7396,908,11,7.463600231
B2022110304,Nomascus_hainanus,0.077372263,0.871532847,109.134259,19.64943,1093,11,7.463144683
B2022110203,Nomascus_hainanus,0.077372263,0.871532847,109.13431,19.7297,898,11,7.846382274
B2022100604,Nomascus_hainanus,0.050874404,0.920508744,109.13446,19.65777,964,10,7.534260917
B2022101614,Nomascus_hainanus,0.050874404,0.920508744,109.134424,19.65245,1052,10,8.239630203
B2022110609,Nomascus_hainanus,0.077372263,0.871532847,109.134449,19.65598,993,11,7.437675892
B2022082216,Nomascus_hainanus,0.048169557,0.874759152,109.134516,19.7546,875,8,6.30580563
B2022080305,Nomascus_hainanus,0.048169557,0.874759152,109.13459,19.7203,757,8,7.997804902
B2022100601,Nomascus_hainanus,0.050874404,0.920508744,109.134596,19.6539,1062,10,7.280983645
B2022100602,Nomascus_hainanus,0.050874404,0.920508744,109.134616,19.65365,1056,10,8.559947106
B2022051506,Nomascus_hainanus,0.049342105,0.911184211,109.134996,19.65796,969,5,7.18218761
B2022082217,Nomascus_hainanus,0.048169557,0.874759152,109.13506,19.7221,912,8,7.259365319
B2022082219,Nomascus_hainanus,0.048169557,0.874759152,109.135086,19.7065,911,8,7.188693385
B2022101312,Nomascus_hainanus,0.050874404,0.920508744,109.135089,19.724,901,10,7.806870434
B2022061303,Nomascus_hainanus,0.016759777,0.946927374,109.13524,19.6458,1208,6,8.232280427
B2022051509,Nomascus_hainanus,0.049342105,0.911184211,109.135432,19.65952,947,5,6.830251619
B2022051507,Nomascus_hainanus,0.049342105,0.911184211,109.135568,19.7443,917,5,6.663000455
B2022081809,Nomascus_hainanus,0.048169557,0.874759152,109.135666,19.7134,955,8,7.679440812
B2022110812,Nomascus_hainanus,0.077372263,0.871532847,109.135668,19.7217,955,11,7.017846901
B2022061302,Nomascus_hainanus,0.016759777,0.946927374,109.135673,19.64785,1151,6,7.472590625
B2022051508,Nomascus_hainanus,0.049342105,0.911184211,109.135759,19.7047,967,5,6.653023936
B2022090409,Nomascus_hainanus,0.019061584,0.960410557,109.135876,19.65854,983,9,7.481218637
B2022110305,Nomascus_hainanus,0.077372263,0.871532847,109.135976,19.7246,919,11,7.587300105
B2022071604,Nomascus_hainanus,0.057866184,0.904159132,109.135993,19.748,908,7,6.743813927
C220216,Nomascus_hainanus,0.053229241,0.731014904,109.142349,19.54588,863,2,8.004622328
C220214,Nomascus_hainanus,0.053229241,0.731014904,109.142618,19.54736,919,2,6.715991833
C220209,Nomascus_hainanus,0.053229241,0.731014904,109.142673,19.54678,911,2,6.993105705
C220208,Nomascus_hainanus,0.053229241,0.731014904,109.142691,19.5468,913,2,7.620741492
C220304,Nomascus_hainanus,0.068965517,0.588070829,109.142696,19.54749,906,3,7.138287135
C220305,Nomascus_hainanus,0.068965517,0.588070829,109.142696,19.54749,906,3,6.793751488
C220210,Nomascus_hainanus,0.053229241,0.731014904,109.142696,19.54749,906,2,6.638228343
C220212,Nomascus_hainanus,0.053229241,0.731014904,109.142696,19.54749,906,2,6.312334436
C220215,Nomascus_hainanus,0.053229241,0.731014904,109.142696,19.54749,906,2,6.929126721
C220213,Nomascus_hainanus,0.053229241,0.731014904,109.1427,19.54751,930,2,6.491989041
C220211,Nomascus_hainanus,0.053229241,0.731014904,109.14271,19.54678,912,2,6.533513968
C220207,Nomascus_hainanus,0.053229241,0.731014904,109.14277,19.5472,914,2,8.020082845
C220312,Nomascus_hainanus,0.068965517,0.588070829,109.142958,19.5309,692,3,6.852949313
C220303,Nomascus_hainanus,0.068965517,0.588070829,109.142968,19.5466,909,3,7.088820359
C220204,Nomascus_hainanus,0.053229241,0.731014904,109.14307,19.54625,933,2,6.962673513
C220203,Nomascus_hainanus,0.053229241,0.731014904,109.143314,19.52947,696,2,8.614072995
C220218,Nomascus_hainanus,0.053229241,0.731014904,109.14334,19.55478,836,2,6.321896766
C220302,Nomascus_hainanus,0.068965517,0.588070829,109.143456,19.54424,914,3,6.760505201
C220205,Nomascus_hainanus,0.053229241,0.731014904,109.143549,19.54938,942,2,7.189419514
C220206,Nomascus_hainanus,0.053229241,0.731014904,109.144943,19.5448,836,2,7.029041072
B2022110811,Nomascus_hainanus,0.077372263,0.871532847,109.14115,19.65773,1051,11,7.164319225
B2022060401,Nomascus_hainanus,0.016759777,0.946927374,109.144082,19.53045,805,6,8.207388288
C220502,Nomascus_hainanus,0.038610039,0.90965251,109.14412,19.54079,905,5,6.884822975
C220503,Nomascus_hainanus,0.038610039,0.90965251,109.14412,19.54079,905,5,7.210119804
C220511,Nomascus_hainanus,0.038610039,0.90965251,109.14412,19.54079,905,5,7.159245464
C220512,Nomascus_hainanus,0.038610039,0.90965251,109.14412,19.54079,905,5,7.153911263
C220602,Nomascus_hainanus,0,0.989071038,109.144133,19.53244,806,6,8.527826441
C220510,Nomascus_hainanus,0.038610039,0.90965251,109.144345,19.54143,882,5,7.996097557
C220515,Nomascus_hainanus,0.038610039,0.90965251,109.14455,19.53461,860,5,7.52431444
C220506,Nomascus_hainanus,0.038610039,0.90965251,109.144645,19.53141,860,5,6.748626442
C220507,Nomascus_hainanus,0.038610039,0.90965251,109.144645,19.53141,860,5,6.931310225
C220514,Nomascus_hainanus,0.038610039,0.90965251,109.144717,19.53165,859,5,7.658833552
C220509,Nomascus_hainanus,0.038610039,0.90965251,109.144719,19.53973,804,5,6.857949398
C220501,Nomascus_hainanus,0.038610039,0.90965251,109.144764,19.53656,817,5,6.804830397
C220604,Nomascus_hainanus,0,0.989071038,109.144778,19.5426,788,6,7.260534861
C220607,Nomascus_hainanus,0,0.989071038,109.145,19.54499,794,6,7.812568721
C220508,Nomascus_hainanus,0.038610039,0.90965251,109.14502,19.53729,790,5,7.405616694
B2022060501,Nomascus_hainanus,0.016759777,0.946927374,109.145072,19.54575,803,6,7.04142716
C220606,Nomascus_hainanus,0,0.989071038,109.145132,19.54887,775,6,7.842662386
C220609,Nomascus_hainanus,0,0.989071038,109.14524,19.53314,788,6,6.759330159
C220513,Nomascus_hainanus,0.038610039,0.90965251,109.14592,19.53245,698,5,7.463079982
B2022051305,Nomascus_hainanus,0.049342105,0.911184211,109.14832,19.7525,933,5,7.336452836
B2022080407,Nomascus_hainanus,0.048169557,0.874759152,109.14883,19.6592,936,8,7.032539649
C220601,Nomascus_hainanus,0,0.989071038,109.150024,19.52738,689,6,7.841248463
C2206010,Nomascus_hainanus,0,0.989071038,109.150037,19.52522,742,6,7.738229168
C2206011,Nomascus_hainanus,0,0.989071038,109.150037,19.52522,742,6,7.722747731
C2206012,Nomascus_hainanus,0,0.989071038,109.150037,19.52522,742,6,8.067541863
B2022120602,Nomascus_hainanus,0.054276316,0.866776316,109.219857,19.120635,814,12,6.911601918
B2022120603,Nomascus_hainanus,0.054276316,0.866776316,109.22025,19.118888,807,12,7.853356873
B2022120604,Nomascus_hainanus,0.054276316,0.866776316,109.220486,19.118058,836,12,8.055495495
B2022121010,Nomascus_hainanus,0.054276316,0.866776316,109.220969,19.121233,890,12,7.548979986
B2022121009,Nomascus_hainanus,0.054276316,0.866776316,109.221994,19.119931,909,12,7.463661809
B2022120907,Nomascus_hainanus,0.054276316,0.866776316,109.22557,19.117893,1001,12,8.14135617
B2022120908,Nomascus_hainanus,0.054276316,0.866776316,109.22578,19.120024,874,12,7.497219581
B2022120605,Nomascus_hainanus,0.054276316,0.866776316,109.22667,19.115031,1078,12,7.672702194
B2022120401,Nomascus_hainanus,0.054276316,0.866776316,109.231872,19.117862,925,12,8.167774592
B2022120806,Nomascus_hainanus,0.054276316,0.866776316,109.23232,19.11772,936,12,7.499892687
C220908,Nomascus_hainanus,0.003322259,0.975083056,109.239599,19.97586,959,9,7.547642212
C221110,Nomascus_hainanus,0.045454545,0.926004228,109.239938,19.98517,945,11,7.278280619
C220313,Nomascus_hainanus,0.068965517,0.588070829,109.2408883,19.9677355,855,3,7.36907416
C220306,Nomascus_hainanus,0.068965517,0.588070829,109.2415209,19.9317392,840,3,7.03512747
C220201,Nomascus_hainanus,0.053229241,0.731014904,109.2416275,19.9565985,879,2,7.530482197
C220311,Nomascus_hainanus,0.068965517,0.588070829,109.2416319,19.9265697,716,3,6.99593797
C220307,Nomascus_hainanus,0.068965517,0.588070829,109.2416509,19.9305596,742,3,7.156106731
C220314,Nomascus_hainanus,0.068965517,0.588070829,109.2426274,19.9809706,868,3,7.117271073
C220202,Nomascus_hainanus,0.053229241,0.731014904,109.2429507,19.913894,712,2,8.184253066
C220308,Nomascus_hainanus,0.068965517,0.588070829,109.2439474,19.912265,770,3,7.211335746
C220310,Nomascus_hainanus,0.068965517,0.588070829,109.2443603,19.9288468,704,3,7.224466044
C220315,Nomascus_hainanus,0.068965517,0.588070829,109.2449949,19.9682265,831,3,7.092686559
C220316,Nomascus_hainanus,0.068965517,0.588070829,109.2465884,19.9488397,795,3,6.370643947
C220317,Nomascus_hainanus,0.068965517,0.588070829,109.2469664,19.9288609,803,3,6.177554999
C220318,Nomascus_hainanus,0.068965517,0.588070829,109.2471444,19.9162216,804,3,6.823980034
C220319,Nomascus_hainanus,0.068965517,0.588070829,109.2487398,19.896136,748,3,6.50682749
C220309,Nomascus_hainanus,0.068965517,0.588070829,109.2490467,19.8928839,725,3,6.837282382
C220910,Nomascus_hainanus,0.003322259,0.975083056,109.24017,19.97385,957,9,8.449496189
C220706,Nomascus_hainanus,0.064516129,0.917419355,109.240344,19.98412,904,7,8.086350162
C220907,Nomascus_hainanus,0.003322259,0.975083056,109.240411,19.98993,875,9,6.984579557
C221108,Nomascus_hainanus,0.045454545,0.926004228,109.240436,19.99035,888,11,8.34554438
C220911,Nomascus_hainanus,0.003322259,0.975083056,109.240551,19.97144,980,9,8.444642463
C221019,Nomascus_hainanus,0.021538462,0.958461538,109.241081,19.97799,936,10,7.343157613
C221005,Nomascus_hainanus,0.021538462,0.958461538,109.241431,19.96345,941,10,6.756678292
C221008,Nomascus_hainanus,0.021538462,0.958461538,109.24144,19.9795,891,10,7.067151594
C221004,Nomascus_hainanus,0.021538462,0.958461538,109.241532,19.94979,861,10,7.066121317
C220707,Nomascus_hainanus,0.064516129,0.917419355,109.241538,19.90454,648,7,7.425337239
C221017,Nomascus_hainanus,0.021538462,0.958461538,109.241594,19.97546,943,10,6.840698114
C221117,Nomascus_hainanus,0.045454545,0.926004228,109.241651,19.97875,900,11,7.417100454
C221009,Nomascus_hainanus,0.021538462,0.958461538,109.241995,19.9781,903,10,6.409994568
C221014,Nomascus_hainanus,0.021538462,0.958461538,109.242,19.9679,957,10,7.699751867
C220709,Nomascus_hainanus,0.064516129,0.917419355,109.242128,19.9052,647,7,7.865291688
C220710,Nomascus_hainanus,0.064516129,0.917419355,109.242128,19.9052,647,7,8.169770835
C221015,Nomascus_hainanus,0.021538462,0.958461538,109.242168,19.97058,972,10,7.845892945
C220804,Nomascus_hainanus,0.023323615,0.906705539,109.242296,19.96965,973,8,8.738503307
C220708,Nomascus_hainanus,0.064516129,0.917419355,109.242297,19.90243,661,7,8.186629255
C220711,Nomascus_hainanus,0.064516129,0.917419355,109.242297,19.90243,661,7,7.151143161
C220712,Nomascus_hainanus,0.064516129,0.917419355,109.242297,19.90243,661,7,7.525553862
C2206016,Nomascus_hainanus,0,0.989071038,109.242355,19.194151,770,6,7.426747115
C2206017,Nomascus_hainanus,0,0.989071038,109.242355,19.94151,770,6,7.574148297
C220805,Nomascus_hainanus,0.023323615,0.906705539,109.242373,19.96733,976,8,7.184929802
C221101,Nomascus_hainanus,0.045454545,0.926004228,109.242453,19.96268,956,11,7.88180096
C221107,Nomascus_hainanus,0.045454545,0.926004228,109.242457,19.9794,894,11,6.940068324
C221010,Nomascus_hainanus,0.021538462,0.958461538,109.242485,19.9672,964,10,6.537569876
C221118,Nomascus_hainanus,0.045454545,0.926004228,109.242741,19.96965,953,11,7.55684717
C221011,Nomascus_hainanus,0.021538462,0.958461538,109.242776,19.96445,966,10,7.384144349
C220801,Nomascus_hainanus,0.023323615,0.906705539,109.24297,19.94639,854,8,7.681385985
C221210,Nomascus_hainanus,0.02413273,0.956259427,109.24303,19.93244,819,12,7.682949699
C221111,Nomascus_hainanus,0.045454545,0.926004228,109.243043,19.96475,949,11,7.799641135
C221102,Nomascus_hainanus,0.045454545,0.926004228,109.243119,19.95548,905,11,7.638322535
C221114,Nomascus_hainanus,0.045454545,0.926004228,109.243156,19.93373,825,11,7.455672076
C220903,Nomascus_hainanus,0.003322259,0.975083056,109.243221,19.96633,929,9,7.470184698
C221109,Nomascus_hainanus,0.045454545,0.926004228,109.24328,19.96145,952,11,7.380756786
C2206015,Nomascus_hainanus,0,0.989071038,109.243294,19.93318,817,6,7.618135936
C221012,Nomascus_hainanus,0.021538462,0.958461538,109.243299,19.96315,953,10,7.68237606
C221013,Nomascus_hainanus,0.021538462,0.958461538,109.243348,19.95996,953,10,7.415146342
C220902,Nomascus_hainanus,0.003322259,0.975083056,109.243436,19.9543,920,9,7.602590996
C220904,Nomascus_hainanus,0.003322259,0.975083056,109.243492,19.96019,911,9,7.808967617
C220905,Nomascus_hainanus,0.003322259,0.975083056,109.243492,19.96019,911,9,7.248414521
C221001,Nomascus_hainanus,0.021538462,0.958461538,109.243567,19.95947,928,10,7.202537162
C221106,Nomascus_hainanus,0.045454545,0.926004228,109.243723,19.97821,848,11,8.216013374
C220713,Nomascus_hainanus,0.064516129,0.917419355,109.243947,19.93144,813,7,7.605404677
C220806,Nomascus_hainanus,0.023323615,0.906705539,109.244046,19.97515,868,8,7.10876482
C220714,Nomascus_hainanus,0.064516129,0.917419355,109.244291,19.93268,822,7,7.529276181
C220715,Nomascus_hainanus,0.064516129,0.917419355,109.244291,19.93268,822,7,7.817640204
C220716,Nomascus_hainanus,0.064516129,0.917419355,109.244291,19.93268,822,7,7.468845474
C221003,Nomascus_hainanus,0.021538462,0.958461538,109.244411,19.9782,811,10,8.027180664
C221113,Nomascus_hainanus,0.045454545,0.926004228,109.244494,19.94128,890,11,8.026622073
C220906,Nomascus_hainanus,0.003322259,0.975083056,109.24465,19.98168,765,9,7.978599403
C220701,Nomascus_hainanus,0.064516129,0.917419355,109.24489,19.9538,920,7,8.309859571
C220802,Nomascus_hainanus,0.023323615,0.906705539,109.24485,19.94835,907,8,7.720434858
C220803,Nomascus_hainanus,0.023323615,0.906705539,109.24555,19.96632,833,8,7.975835389
C220809,Nomascus_hainanus,0.023323615,0.906705539,109.245676,19.95028,856,8,7.746139713
C220901,Nomascus_hainanus,0.003322259,0.975083056,109.245811,19.95068,863,9,8.344435204
C220811,Nomascus_hainanus,0.023323615,0.906705539,109.2459,19.95148,848,8,6.565952287
C221116,Nomascus_hainanus,0.045454545,0.926004228,109.246074,19.93728,852,11,6.928207175
C220810,Nomascus_hainanus,0.023323615,0.906705539,109.246244,19.95674,847,8,7.307264942
C221115,Nomascus_hainanus,0.045454545,0.926004228,109.246342,19.92023,872,11,7.312982782
C221104,Nomascus_hainanus,0.045454545,0.926004228,109.2464,19.95273,825,11,8.103164076
C221105,Nomascus_hainanus,0.045454545,0.926004228,109.246426,19.95072,818,11,7.516230136
C221002,Nomascus_hainanus,0.021538462,0.958461538,109.246463,19.93525,840,10,7.11393418
C221103,Nomascus_hainanus,0.045454545,0.926004228,109.246534,19.95442,830,11,8.427576113
C221208,Nomascus_hainanus,0.02413273,0.956259427,109.246953,19.96032,831,12,7.355313797
C220812,Nomascus_hainanus,0.023323615,0.906705539,109.24709,19.92559,817,8,6.930336956
C221206,Nomascus_hainanus,0.02413273,0.956259427,109.24733,19.96153,810,12,7.447841541
C221207,Nomascus_hainanus,0.02413273,0.956259427,109.247338,19.96268,810,12,7.639552127
C221112,Nomascus_hainanus,0.045454545,0.926004228,109.247514,19.96238,791,11,8.018472883
C220808,Nomascus_hainanus,0.023323615,0.906705539,109.247587,19.91621,795,8,6.030038143
C220702,Nomascus_hainanus,0.064516129,0.917419355,109.24775,19.92557,805,7,7.946117184
C221209,Nomascus_hainanus,0.02413273,0.956259427,109.247893,19.9671,786,12,7.670878608
C220703,Nomascus_hainanus,0.064516129,0.917419355,109.248067,19.91696,791,7,8.759488906
C220704,Nomascus_hainanus,0.064516129,0.917419355,109.24827,19.89251,700,7,8.20986953
C221202,Nomascus_hainanus,0.02413273,0.956259427,109.248726,19.92299,746,12,8.238270824
C221203,Nomascus_hainanus,0.02413273,0.956259427,109.248726,19.92299,746,12,7.869426133
C221201,Nomascus_hainanus,0.02413273,0.956259427,109.249127,19.92612,736,12,7.934867239
C221205,Nomascus_hainanus,0.02413273,0.956259427,109.249375,19.92432,718,12,7.963084104
C221204,Nomascus_hainanus,0.02413273,0.956259427,109.249419,19.9276,715,12,8.436963746
G22011202G6B16,Nomascus_concolor,0.300337458,0.626546682,100.6933237,24.3524,1997,1,7.617114647
G22012904G6M2,Nomascus_concolor,0.300337458,0.626546682,100.6936867,24.348,1894,1,7.098948309
G22011004G6M2,Nomascus_concolor,0.300337458,0.626546682,100.6936117,24.3478,1884,1,7.693459627
G22012005G6B16,Nomascus_concolor,0.300337458,0.626546682,100.6954233,24.34781333,1929,1,7.869130099
G22010903G4B12,Nomascus_concolor,0.300337458,0.626546682,100.697627,24.34696339,1740,1,7.567498747
G22011801G5B,Nomascus_concolor,0.300337458,0.626546682,100.7103246,24.34683726,2287,1,8.372910919
G22011102G5B13,Nomascus_concolor,0.300337458,0.626546682,100.7126085,24.34587612,2318,1,6.912411025
G22011802G5M3,Nomascus_concolor,0.300337458,0.626546682,100.7116084,24.34537768,2321,1,8.380595056
G22011101G5A,Nomascus_concolor,0.300337458,0.626546682,100.7104234,24.34453928,2285,1,7.244898336
G22011702G4D,Nomascus_concolor,0.300337458,0.626546682,100.704001,24.34238963,2200,1,7.73349301
G22011701G4D18,Nomascus_concolor,0.300337458,0.626546682,100.7034736,24.34192176,2232,1,6.921606958
G22011703G4B12,Nomascus_concolor,0.300337458,0.626546682,100.6939961,24.34006713,1967,1,8.122329396
G22010203G6A16,Nomascus_concolor,0.300337458,0.626546682,100.69794,24.3592033,2146,1,7.399725325
G22012801G6A19,Nomascus_concolor,0.300337458,0.626546682,100.6972367,24.3533316,1851,1,7.838551952
G22011001G6A19,Nomascus_concolor,0.300337458,0.626546682,100.6955241,24.3500233,1904,1,7.08786457
G22011201G5A,Nomascus_concolor,0.300337458,0.626546682,100.7111596,24.3480945,2413,1,8.361748998
G22012905G6B,Nomascus_concolor,0.300337458,0.626546682,100.699065,24.3478167,1902,1,7.253247665
G22012001G6B16,Nomascus_concolor,0.300337458,0.626546682,100.6955016,24.3475116,1909,1,8.054925469
G22011102G6A19,Nomascus_concolor,0.300337458,0.626546682,100.6943216,24.3474167,1893,1,7.565832883
G22012003G6B,Nomascus_concolor,0.300337458,0.626546682,100.6951517,24.3471715,1921,1,7.632947995
G22012902G6A19,Nomascus_concolor,0.300337458,0.626546682,100.6934052,24.3469933,1892,1,7.816291232
G22011202G5B,Nomascus_concolor,0.300337458,0.626546682,100.7115094,24.3464999,2319,1,8.063615091
G22011704G4B,Nomascus_concolor,0.300337458,0.626546682,100.7013053,24.3447093,1956,1,8.253453665
G22010901G4B12,Nomascus_concolor,0.300337458,0.626546682,100.701668,24.3424133,2239,1,6.884648143
G22010904G6B,Nomascus_concolor,0.300337458,0.626546682,100.6934833,24.359345,1940,1,6.70665739
G22010802G6B16,Nomascus_concolor,0.300337458,0.626546682,100.692331,24.353233,2045,1,7.536009677
G22010801G6A16,Nomascus_concolor,0.300337458,0.626546682,100.6933274,24.351132,2044,1,7.483829407
G22011002G6A13,Nomascus_concolor,0.300337458,0.626546682,100.690423,24.350425,1951,1,7.756039481
G22012007G6M2,Nomascus_concolor,0.300337458,0.626546682,100.6913317,24.350423,1905,1,7.371308782
G22010205G6B16,Nomascus_concolor,0.300337458,0.626546682,100.693314,24.350333,2128,1,7.278605065
G22012901G6A16,Nomascus_concolor,0.300337458,0.626546682,100.6935883,24.347995,1890,1,7.743153842
G22012002G6A,Nomascus_concolor,0.300337458,0.626546682,100.6951517,24.347715,1921,1,7.998628625
G22012006G6A19,Nomascus_concolor,0.300337458,0.626546682,100.6933217,24.341502,1929,1,7.929453489
G22012004G6M2,Nomascus_concolor,0.300337458,0.626546682,100.6915276,24.340563,1909,1,7.886487913
G22012903G6A,Nomascus_concolor,0.300337458,0.626546682,100.6935333,24.340333,1904,1,8.138186436
G22011401G6B,Nomascus_concolor,0.300337458,0.626546682,100.6997133,24.35263,1971,1,8.860318602
G22010903G6A,Nomascus_concolor,0.300337458,0.626546682,100.69152,24.35021,1950,1,7.260282473
G22011801G6B16,Nomascus_concolor,0.300337458,0.626546682,100.6935667,24.34333,1902,1,7.695449087
C026,Hoolock_tianxing,0.329608939,0.603351955,98.77768,25.21743,2189,6,6.280853503
C033,Hoolock_tianxing,0.329608939,0.603351955,98.77943,25.21726,2291,6,7.73235372
C006,Hoolock_tianxing,0.324444444,0.248888889,98.77971,25.22108,2206,5,8.138997227
C025,Hoolock_tianxing,0.329608939,0.603351955,98.77972,25.21737,2296,6,8.039536608
C007,Hoolock_tianxing,0.324444444,0.248888889,98.7798,25.22074,2195,5,7.465548055
C028,Hoolock_tianxing,0.329608939,0.603351955,98.77991,25.22423,2094,6,6.649797209
C029,Hoolock_tianxing,0.329608939,0.603351955,98.77991,25.22404,2111,6,7.189484235
C034,Hoolock_tianxing,0.329608939,0.603351955,98.77992,25.21674,2316,6,5.409249441
X050,Hoolock_tianxing,0.373786408,0.616504854,98.779929,25.228814,1973,11,6.98290991
X052,Hoolock_tianxing,0.373786408,0.616504854,98.780135,25.221983,2122,11,7.045151075
X051,Hoolock_tianxing,0.373786408,0.616504854,98.780261,25.225903,2081,11,7.611341199
C030,Hoolock_tianxing,0.329608939,0.603351955,98.78081,25.22168,2269,6,5.877036035
C027,Hoolock_tianxing,0.329608939,0.603351955,98.78088,25.22371,2235,6,7.10504042
X041,Hoolock_tianxing,0.373786408,0.616504854,98.780986,25.223988,2225,11,7.851315539
C014,Hoolock_tianxing,0.324444444,0.248888889,98.78124,25.21643,2374,5,7.81658944
C005,Hoolock_tianxing,0.324444444,0.248888889,98.78131,25.2278,2048,5,7.90687804
C011,Hoolock_tianxing,0.324444444,0.248888889,98.78169,25.21712,2350,5,7.399558983
C012,Hoolock_tianxing,0.324444444,0.248888889,98.78172,25.21747,2356,5,8.20931555
C013,Hoolock_tianxing,0.324444444,0.248888889,98.78206,25.21764,2342,5,7.346813674
X045,Hoolock_tianxing,0.373786408,0.616504854,98.783317,25.222868,2354,11,7.116082297
X044,Hoolock_tianxing,0.373786408,0.616504854,98.783432,25.222962,2365,11,7.853789387
C024,Hoolock_tianxing,0.329608939,0.603351955,98.78376,25.21625,2250,6,5.805579382
X053,Hoolock_tianxing,0.373786408,0.616504854,98.783905,25.22441,2307,11,6.561365389
X054,Hoolock_tianxing,0.373786408,0.616504854,98.783931,25.22258,2303,11,6.946684769
X043,Hoolock_tianxing,0.373786408,0.616504854,98.783957,25.222637,2286,11,6.79206015
X042,Hoolock_tianxing,0.373786408,0.616504854,98.783969,25.222993,2331,11,7.353355951
C008,Hoolock_tianxing,0.324444444,0.248888889,98.78427,25.21734,2215,5,8.304759175
C004,Hoolock_tianxing,0.324444444,0.248888889,98.7844,25.22625,2343,5,6.906368432
C003,Hoolock_tianxing,0.324444444,0.248888889,98.78481,25.2197,2224,5,8.382673928
X049,Hoolock_tianxing,0.373786408,0.616504854,98.784858,25.220779,2203,11,8.548765148
X048,Hoolock_tianxing,0.373786408,0.616504854,98.784896,25.22061,2191,11,6.006666748
C002,Hoolock_tianxing,0.324444444,0.248888889,98.78506,25.2178,2183,5,6.614514677
C009,Hoolock_tianxing,0.324444444,0.248888889,98.78507,25.21786,2200,5,8.348772205
C015,Hoolock_tianxing,0.324444444,0.248888889,98.78538,25.2183,2175,5,7.690650362
C018,Hoolock_tianxing,0.329608939,0.603351955,98.78549,25.21821,2176,6,7.735112685
C016,Hoolock_tianxing,0.329608939,0.603351955,98.78552,25.21844,2155,6,7.726521581
C023,Hoolock_tianxing,0.329608939,0.603351955,98.78575,25.21775,2140,6,6.936473134
C001,Hoolock_tianxing,0.324444444,0.248888889,98.78596,25.21771,2135,5,7.69048588
C021,Hoolock_tianxing,0.329608939,0.603351955,98.78624,25.21895,2135,6,6.862903217
C022,Hoolock_tianxing,0.329608939,0.603351955,98.78656,25.2182,2108,6,6.082407522
C010,Hoolock_tianxing,0.324444444,0.248888889,98.78761,25.21829,2061,5,5.952565441
C019,Hoolock_tianxing,0.329608939,0.603351955,98.78809,25.22074,2058,6,6.615583548
X047,Hoolock_tianxing,0.373786408,0.616504854,98.788111,25.221,2030,11,7.702284517
X046,Hoolock_tianxing,0.373786408,0.616504854,98.789371,25.218017,2058,11,6.557643154
A110,Hoolock_tianxing,0.375706215,0.573446328,98.76947,24.83066,2187,4,7.350997008
A113,Hoolock_tianxing,0.375706215,0.573446328,98.77019,24.82782,2112,4,7.639965125
A114,Hoolock_tianxing,0.375706215,0.573446328,98.77026,24.82784,2116,4,7.752859747
A111,Hoolock_tianxing,0.375706215,0.573446328,98.77031,24.82973,2138,4,7.149431649
A125,Hoolock_tianxing,0.375706215,0.573446328,98.77062,24.82941,2133,4,6.893431935
A112,Hoolock_tianxing,0.375706215,0.573446328,98.77065,24.8296,2130,4,7.399697822
A108,Hoolock_tianxing,0.375706215,0.573446328,98.77073,24.82916,2113,4,7.946080587
A126,Hoolock_tianxing,0.375706215,0.573446328,98.77073,24.82944,2153,4,7.494436715
A107,Hoolock_tianxing,0.375706215,0.573446328,98.77087,24.82903,2117,4,7.612017331
A115,Hoolock_tianxing,0.375706215,0.573446328,98.77094,24.82812,2105,4,7.628792604
A106,Hoolock_tianxing,0.375706215,0.573446328,98.77099,24.82893,2115,4,7.71125737
A105,Hoolock_tianxing,0.375706215,0.573446328,98.771,24.8287,2114,4,7.304692317
A099,Hoolock_tianxing,0.375706215,0.573446328,98.77104,24.82824,2100,4,7.226495124
A100,Hoolock_tianxing,0.375706215,0.573446328,98.7711,24.82872,2106,4,7.014574542
A109,Hoolock_tianxing,0.375706215,0.573446328,98.77112,24.82924,2110,4,7.259458289
A116,Hoolock_tianxing,0.375706215,0.573446328,98.77142,24.82843,2093,4,6.750060486
A124,Hoolock_tianxing,0.375706215,0.573446328,98.77147,24.83181,2102,4,6.694404702
A117,Hoolock_tianxing,0.375706215,0.573446328,98.77168,24.82846,2070,4,6.897526796
A118,Hoolock_tianxing,0.375706215,0.573446328,98.77259,24.83001,2094,4,6.852232894
A101,Hoolock_tianxing,0.375706215,0.573446328,98.77396,24.82772,2054,4,6.897948172
A123,Hoolock_tianxing,0.375706215,0.573446328,98.77466,24.83229,2089,4,6.325745913
A122,Hoolock_tianxing,0.375706215,0.573446328,98.77495,24.83224,2086,4,6.899271802
A119,Hoolock_tianxing,0.375706215,0.573446328,98.77518,24.82972,1983,4,7.885460545
A102,Hoolock_tianxing,0.375706215,0.573446328,98.77556,24.82974,2009,4,7.253775441
A103,Hoolock_tianxing,0.375706215,0.573446328,98.77556,24.82974,2009,4,7.770123812
A121,Hoolock_tianxing,0.375706215,0.573446328,98.77569,24.832,2051,4,6.521253159
A104,Hoolock_tianxing,0.375706215,0.573446328,98.77579,24.82966,1996,4,6.991968935
A120,Hoolock_tianxing,0.375706215,0.573446328,98.77686,24.83092,2029,4,6.928668875
G21071001G6A19,Nomascus_concolor,0.252699784,0.639308855,100.413484,24.211544,1883,7,8.833762007
G21070801G6B,Nomascus_concolor,0.252699784,0.639308855,100.414119,24.214557,2200,7,7.637610473
G21071003G6M2,Nomascus_concolor,0.252699784,0.639308855,100.414446,24.212053,1918,7,8.27177409
G21071004G6A13,Nomascus_concolor,0.252699784,0.639308855,100.414446,24.212053,1918,7,8.008102654
G21070802G6A,Nomascus_concolor,0.252699784,0.639308855,100.415302,24.213427,2115,7,7.736947071
G21070803G6A16,Nomascus_concolor,0.252699784,0.639308855,100.415302,24.213427,2115,7,7.998022999
G21070804G6A16,Nomascus_concolor,0.252699784,0.639308855,100.415302,24.213427,2115,7,7.970075024
G21071201G6A13,Nomascus_concolor,0.252699784,0.639308855,100.414821,24.213847,2100,7,7.599261687
G21071202G6A13,Nomascus_concolor,0.252699784,0.639308855,100.42341,24.21575,2328,7,7.401650264
G21070803G5B13,Nomascus_concolor,0.252699784,0.639308855,100.71264,24.34668466,2238,7,7.335382523
G21070801G5M3,Nomascus_concolor,0.252699784,0.639308855,100.71421,24.34519964,2257,7,7.447422785
G21070901G5M3,Nomascus_concolor,0.252699784,0.639308855,100.71262,24.34938778,2444,7,7.891724939
G21071102G5A,Nomascus_concolor,0.252699784,0.639308855,100.71352,24.3499927,2427,7,7.733301643
G21030307G4D,Nomascus_concolor,0.311594203,0.398550725,100.415581,24.204076,1869,3,8.147289606
G21030308G4B09,Nomascus_concolor,0.311594203,0.398550725,100.415581,24.204076,1869,3,8.255992797
G21030310G4B,Nomascus_concolor,0.311594203,0.398550725,100.415581,24.204076,1869,3,8.185643142
G21030304G4C12,Nomascus_concolor,0.311594203,0.398550725,100.415684,24.202734,1891,3,8.241227949
G21030306G4M2,Nomascus_concolor,0.311594203,0.398550725,100.415684,24.202734,1891,3,7.996921744
B2022010813,Nomascus_hainanus,0.313148789,0.596885813,109.130323,19.65547,989,1,8.079536485
B2022010816,Nomascus_hainanus,0.313148789,0.596885813,109.130627,19.65193,989,1,6.978866634
B2022010815,Nomascus_hainanus,0.313148789,0.596885813,109.130657,19.65796,992,1,7.589511245
B2022021001,Nomascus_hainanus,0.201244813,0.748962656,109.131497,19.768,855,2,7.44071817
B2022021102,Nomascus_hainanus,0.201244813,0.748962656,109.131542,19.7596,860,2,7.021288201
B2022021103,Nomascus_hainanus,0.201244813,0.748962656,109.131542,19.7596,860,2,7.111283607
B2022021104,Nomascus_hainanus,0.201244813,0.748962656,109.131542,19.7596,860,2,7.376998257
B2022010203,Nomascus_hainanus,0.313148789,0.596885813,109.13192,19.71335,945,1,7.846722638
B2022010201,Nomascus_hainanus,0.313148789,0.596885813,109.132175,19.70717,978,1,6.382624181
B2022010204,Nomascus_hainanus,0.313148789,0.596885813,109.13233,19.71257,891,1,7.36204513
B2022010611,Nomascus_hainanus,0.313148789,0.596885813,109.132436,19.71294,902,1,7.334817166
B2022010612,Nomascus_hainanus,0.313148789,0.596885813,109.132439,19.71239,903,1,7.560335558
B2022010507,Nomascus_hainanus,0.313148789,0.596885813,109.133012,19.65933,1056,1,7.417798688
B2022021311,Nomascus_hainanus,0.201244813,0.748962656,109.133029,19.7434,980,2,7.498881808
B2022021209,Nomascus_hainanus,0.201244813,0.748962656,109.133382,19.7261,994,2,7.377063059
B2022021310,Nomascus_hainanus,0.201244813,0.748962656,109.133392,19.7188,988,2,6.746903025
B2022021312,Nomascus_hainanus,0.201244813,0.748962656,109.133542,19.71017,882,2,7.413439892
B2022021207,Nomascus_hainanus,0.201244813,0.748962656,109.133772,19.7149,980,2,7.152263788
B2022010405,Nomascus_hainanus,0.313148789,0.596885813,109.130053,19.71252,963,1,7.770088758
B2022010506,Nomascus_hainanus,0.313148789,0.596885813,109.133146,19.6594,1052,1,8.097098595
B2022021105,Nomascus_hainanus,0.201244813,0.748962656,109.142984,19.7567,1022,2,6.393948631
C220407,Nomascus_hainanus,0.279697624,0.571274298,109.143917,19.54151,910,4,7.168959626
B2022021208,Nomascus_hainanus,0.201244813,0.748962656,109.144378,19.65754,990,2,7.59511091
C220409,Nomascus_hainanus,0.279697624,0.571274298,109.144741,19.53796,827,4,7.424428195
C220401,Nomascus_hainanus,0.279697624,0.571274298,109.145079,19.5462,789,4,7.056321523
C220403,Nomascus_hainanus,0.279697624,0.571274298,109.145439,19.547,762,4,6.934188751
C220408,Nomascus_hainanus,0.279697624,0.571274298,109.145543,19.52598,768,4,6.668512271
C220406,Nomascus_hainanus,0.279697624,0.571274298,109.2467554,19.9488899,754,4,7.088635181
C220411,Nomascus_hainanus,0.279697624,0.571274298,109.2478693,19.8844027,653,4,6.501744672
C220413,Nomascus_hainanus,0.279697624,0.571274298,109.2484581,19.8746693,636,4,7.268041264
C220404,Nomascus_hainanus,0.279697624,0.571274298,109.2500551,19.9098,674,4,7.10496536
C220405,Nomascus_hainanus,0.279697624,0.571274298,109.2501271,19.9107,694,4,6.65541593
